,video_name,tag
0,dataset/train/NonViolence/NV_1.mp4,NonViolence
1,dataset/train/NonViolence/NV_10.mp4,NonViolence
2,dataset/train/NonViolence/NV_100.mp4,NonViolence
3,dataset/train/NonViolence/NV_1000.mp4,NonViolence
4,dataset/train/NonViolence/NV_101.mp4,NonViolence
5,dataset/train/NonViolence/NV_102.mp4,NonViolence
6,dataset/train/NonViolence/NV_103.mp4,NonViolence
7,dataset/train/NonViolence/NV_104.mp4,NonViolence
8,dataset/train/NonViolence/NV_105.mp4,NonViolence
9,dataset/train/NonViolence/NV_106.mp4,NonViolence
10,dataset/train/NonViolence/NV_107.mp4,NonViolence
11,dataset/train/NonViolence/NV_108.mp4,NonViolence
12,dataset/train/NonViolence/NV_109.mp4,NonViolence
13,dataset/train/NonViolence/NV_11.mp4,NonViolence
14,dataset/train/NonViolence/NV_110.mp4,NonViolence
15,dataset/train/NonViolence/NV_111.mp4,NonViolence
16,dataset/train/NonViolence/NV_112.mp4,NonViolence
17,dataset/train/NonViolence/NV_113.mp4,NonViolence
18,dataset/train/NonViolence/NV_114.mp4,NonViolence
19,dataset/train/NonViolence/NV_115.mp4,NonViolence
20,dataset/train/NonViolence/NV_116.mp4,NonViolence
21,dataset/train/NonViolence/NV_117.mp4,NonViolence
22,dataset/train/NonViolence/NV_118.mp4,NonViolence
23,dataset/train/NonViolence/NV_119.mp4,NonViolence
24,dataset/train/NonViolence/NV_12.mp4,NonViolence
25,dataset/train/NonViolence/NV_120.mp4,NonViolence
26,dataset/train/NonViolence/NV_121.mp4,NonViolence
27,dataset/train/NonViolence/NV_122.mp4,NonViolence
28,dataset/train/NonViolence/NV_123.mp4,NonViolence
29,dataset/train/NonViolence/NV_124.mp4,NonViolence
30,dataset/train/NonViolence/NV_125.mp4,NonViolence
31,dataset/train/NonViolence/NV_126.mp4,NonViolence
32,dataset/train/NonViolence/NV_127.mp4,NonViolence
33,dataset/train/NonViolence/NV_128.mp4,NonViolence
34,dataset/train/NonViolence/NV_129.mp4,NonViolence
35,dataset/train/NonViolence/NV_13.mp4,NonViolence
36,dataset/train/NonViolence/NV_130.mp4,NonViolence
37,dataset/train/NonViolence/NV_131.mp4,NonViolence
38,dataset/train/NonViolence/NV_132.mp4,NonViolence
39,dataset/train/NonViolence/NV_133.mp4,NonViolence
40,dataset/train/NonViolence/NV_134.mp4,NonViolence
41,dataset/train/NonViolence/NV_135.mp4,NonViolence
42,dataset/train/NonViolence/NV_136.mp4,NonViolence
43,dataset/train/NonViolence/NV_137.mp4,NonViolence
44,dataset/train/NonViolence/NV_138.mp4,NonViolence
45,dataset/train/NonViolence/NV_139.mp4,NonViolence
46,dataset/train/NonViolence/NV_14.mp4,NonViolence
47,dataset/train/NonViolence/NV_140.mp4,NonViolence
48,dataset/train/NonViolence/NV_141.mp4,NonViolence
49,dataset/train/NonViolence/NV_142.mp4,NonViolence
50,dataset/train/NonViolence/NV_143.mp4,NonViolence
51,dataset/train/NonViolence/NV_144.mp4,NonViolence
52,dataset/train/NonViolence/NV_145.mp4,NonViolence
53,dataset/train/NonViolence/NV_146.mp4,NonViolence
54,dataset/train/NonViolence/NV_147.mp4,NonViolence
55,dataset/train/NonViolence/NV_148.mp4,NonViolence
56,dataset/train/NonViolence/NV_149.mp4,NonViolence
57,dataset/train/NonViolence/NV_15.mp4,NonViolence
58,dataset/train/NonViolence/NV_150.mp4,NonViolence
59,dataset/train/NonViolence/NV_151.mp4,NonViolence
60,dataset/train/NonViolence/NV_152.mp4,NonViolence
61,dataset/train/NonViolence/NV_153.mp4,NonViolence
62,dataset/train/NonViolence/NV_154.mp4,NonViolence
63,dataset/train/NonViolence/NV_155.mp4,NonViolence
64,dataset/train/NonViolence/NV_156.mp4,NonViolence
65,dataset/train/NonViolence/NV_157.mp4,NonViolence
66,dataset/train/NonViolence/NV_158.mp4,NonViolence
67,dataset/train/NonViolence/NV_159.mp4,NonViolence
68,dataset/train/NonViolence/NV_16.mp4,NonViolence
69,dataset/train/NonViolence/NV_160.mp4,NonViolence
70,dataset/train/NonViolence/NV_161.mp4,NonViolence
71,dataset/train/NonViolence/NV_162.mp4,NonViolence
72,dataset/train/NonViolence/NV_163.mp4,NonViolence
73,dataset/train/NonViolence/NV_164.mp4,NonViolence
74,dataset/train/NonViolence/NV_165.mp4,NonViolence
75,dataset/train/NonViolence/NV_166.mp4,NonViolence
76,dataset/train/NonViolence/NV_167.mp4,NonViolence
77,dataset/train/NonViolence/NV_168.mp4,NonViolence
78,dataset/train/NonViolence/NV_169.mp4,NonViolence
79,dataset/train/NonViolence/NV_17.mp4,NonViolence
80,dataset/train/NonViolence/NV_170.mp4,NonViolence
81,dataset/train/NonViolence/NV_171.mp4,NonViolence
82,dataset/train/NonViolence/NV_172.mp4,NonViolence
83,dataset/train/NonViolence/NV_173.mp4,NonViolence
84,dataset/train/NonViolence/NV_174.mp4,NonViolence
85,dataset/train/NonViolence/NV_175.mp4,NonViolence
86,dataset/train/NonViolence/NV_176.mp4,NonViolence
87,dataset/train/NonViolence/NV_177.mp4,NonViolence
88,dataset/train/NonViolence/NV_178.mp4,NonViolence
89,dataset/train/NonViolence/NV_179.mp4,NonViolence
90,dataset/train/NonViolence/NV_18.mp4,NonViolence
91,dataset/train/NonViolence/NV_180.mp4,NonViolence
92,dataset/train/NonViolence/NV_181.mp4,NonViolence
93,dataset/train/NonViolence/NV_182.mp4,NonViolence
94,dataset/train/NonViolence/NV_183.mp4,NonViolence
95,dataset/train/NonViolence/NV_184.mp4,NonViolence
96,dataset/train/NonViolence/NV_185.mp4,NonViolence
97,dataset/train/NonViolence/NV_186.mp4,NonViolence
98,dataset/train/NonViolence/NV_187.mp4,NonViolence
99,dataset/train/NonViolence/NV_188.mp4,NonViolence
100,dataset/train/NonViolence/NV_189.mp4,NonViolence
101,dataset/train/NonViolence/NV_19.mp4,NonViolence
102,dataset/train/NonViolence/NV_190.mp4,NonViolence
103,dataset/train/NonViolence/NV_191.mp4,NonViolence
104,dataset/train/NonViolence/NV_192.mp4,NonViolence
105,dataset/train/NonViolence/NV_193.mp4,NonViolence
106,dataset/train/NonViolence/NV_194.mp4,NonViolence
107,dataset/train/NonViolence/NV_195.mp4,NonViolence
108,dataset/train/NonViolence/NV_196.mp4,NonViolence
109,dataset/train/NonViolence/NV_197.mp4,NonViolence
110,dataset/train/NonViolence/NV_198.mp4,NonViolence
111,dataset/train/NonViolence/NV_199.mp4,NonViolence
112,dataset/train/NonViolence/NV_2.mp4,NonViolence
113,dataset/train/NonViolence/NV_20.mp4,NonViolence
114,dataset/train/NonViolence/NV_200.mp4,NonViolence
115,dataset/train/NonViolence/NV_201.mp4,NonViolence
116,dataset/train/NonViolence/NV_202.mp4,NonViolence
117,dataset/train/NonViolence/NV_203.mp4,NonViolence
118,dataset/train/NonViolence/NV_204.mp4,NonViolence
119,dataset/train/NonViolence/NV_205.mp4,NonViolence
120,dataset/train/NonViolence/NV_206.mp4,NonViolence
121,dataset/train/NonViolence/NV_207.mp4,NonViolence
122,dataset/train/NonViolence/NV_208.mp4,NonViolence
123,dataset/train/NonViolence/NV_209.mp4,NonViolence
124,dataset/train/NonViolence/NV_21.mp4,NonViolence
125,dataset/train/NonViolence/NV_210.mp4,NonViolence
126,dataset/train/NonViolence/NV_211.mp4,NonViolence
127,dataset/train/NonViolence/NV_212.mp4,NonViolence
128,dataset/train/NonViolence/NV_213.mp4,NonViolence
129,dataset/train/NonViolence/NV_214.mp4,NonViolence
130,dataset/train/NonViolence/NV_215.mp4,NonViolence
131,dataset/train/NonViolence/NV_216.mp4,NonViolence
132,dataset/train/NonViolence/NV_217.mp4,NonViolence
133,dataset/train/NonViolence/NV_218.mp4,NonViolence
134,dataset/train/NonViolence/NV_219.mp4,NonViolence
135,dataset/train/NonViolence/NV_22.mp4,NonViolence
136,dataset/train/NonViolence/NV_220.mp4,NonViolence
137,dataset/train/NonViolence/NV_221.mp4,NonViolence
138,dataset/train/NonViolence/NV_222.mp4,NonViolence
139,dataset/train/NonViolence/NV_223.mp4,NonViolence
140,dataset/train/NonViolence/NV_224.mp4,NonViolence
141,dataset/train/NonViolence/NV_225.mp4,NonViolence
142,dataset/train/NonViolence/NV_226.mp4,NonViolence
143,dataset/train/NonViolence/NV_227.mp4,NonViolence
144,dataset/train/NonViolence/NV_228.mp4,NonViolence
145,dataset/train/NonViolence/NV_229.mp4,NonViolence
146,dataset/train/NonViolence/NV_23.mp4,NonViolence
147,dataset/train/NonViolence/NV_230.mp4,NonViolence
148,dataset/train/NonViolence/NV_231.mp4,NonViolence
149,dataset/train/NonViolence/NV_232.mp4,NonViolence
150,dataset/train/NonViolence/NV_233.mp4,NonViolence
151,dataset/train/NonViolence/NV_234.mp4,NonViolence
152,dataset/train/NonViolence/NV_235.mp4,NonViolence
153,dataset/train/NonViolence/NV_236.mp4,NonViolence
154,dataset/train/NonViolence/NV_237.mp4,NonViolence
155,dataset/train/NonViolence/NV_238.mp4,NonViolence
156,dataset/train/NonViolence/NV_239.mp4,NonViolence
157,dataset/train/NonViolence/NV_24.mp4,NonViolence
158,dataset/train/NonViolence/NV_240.mp4,NonViolence
159,dataset/train/NonViolence/NV_241.mp4,NonViolence
160,dataset/train/NonViolence/NV_242.mp4,NonViolence
161,dataset/train/NonViolence/NV_243.mp4,NonViolence
162,dataset/train/NonViolence/NV_244.mp4,NonViolence
163,dataset/train/NonViolence/NV_245.mp4,NonViolence
164,dataset/train/NonViolence/NV_246.mp4,NonViolence
165,dataset/train/NonViolence/NV_247.mp4,NonViolence
166,dataset/train/NonViolence/NV_248.mp4,NonViolence
167,dataset/train/NonViolence/NV_249.mp4,NonViolence
168,dataset/train/NonViolence/NV_25.mp4,NonViolence
169,dataset/train/NonViolence/NV_250.mp4,NonViolence
170,dataset/train/NonViolence/NV_251.mp4,NonViolence
171,dataset/train/NonViolence/NV_252.mp4,NonViolence
172,dataset/train/NonViolence/NV_253.mp4,NonViolence
173,dataset/train/NonViolence/NV_254.mp4,NonViolence
174,dataset/train/NonViolence/NV_255.mp4,NonViolence
175,dataset/train/NonViolence/NV_256.mp4,NonViolence
176,dataset/train/NonViolence/NV_257.mp4,NonViolence
177,dataset/train/NonViolence/NV_258.mp4,NonViolence
178,dataset/train/NonViolence/NV_259.mp4,NonViolence
179,dataset/train/NonViolence/NV_26.mp4,NonViolence
180,dataset/train/NonViolence/NV_260.mp4,NonViolence
181,dataset/train/NonViolence/NV_261.mp4,NonViolence
182,dataset/train/NonViolence/NV_262.mp4,NonViolence
183,dataset/train/NonViolence/NV_263.mp4,NonViolence
184,dataset/train/NonViolence/NV_264.mp4,NonViolence
185,dataset/train/NonViolence/NV_265.mp4,NonViolence
186,dataset/train/NonViolence/NV_266.mp4,NonViolence
187,dataset/train/NonViolence/NV_267.mp4,NonViolence
188,dataset/train/NonViolence/NV_268.mp4,NonViolence
189,dataset/train/NonViolence/NV_269.mp4,NonViolence
190,dataset/train/NonViolence/NV_27.mp4,NonViolence
191,dataset/train/NonViolence/NV_270.mp4,NonViolence
192,dataset/train/NonViolence/NV_271.mp4,NonViolence
193,dataset/train/NonViolence/NV_272.mp4,NonViolence
194,dataset/train/NonViolence/NV_273.mp4,NonViolence
195,dataset/train/NonViolence/NV_274.mp4,NonViolence
196,dataset/train/NonViolence/NV_275.mp4,NonViolence
197,dataset/train/NonViolence/NV_276.mp4,NonViolence
198,dataset/train/NonViolence/NV_277.mp4,NonViolence
199,dataset/train/NonViolence/NV_278.mp4,NonViolence
200,dataset/train/NonViolence/NV_279.mp4,NonViolence
201,dataset/train/NonViolence/NV_28.mp4,NonViolence
202,dataset/train/NonViolence/NV_280.mp4,NonViolence
203,dataset/train/NonViolence/NV_281.mp4,NonViolence
204,dataset/train/NonViolence/NV_282.mp4,NonViolence
205,dataset/train/NonViolence/NV_283.mp4,NonViolence
206,dataset/train/NonViolence/NV_284.mp4,NonViolence
207,dataset/train/NonViolence/NV_285.mp4,NonViolence
208,dataset/train/NonViolence/NV_286.mp4,NonViolence
209,dataset/train/NonViolence/NV_287.mp4,NonViolence
210,dataset/train/NonViolence/NV_288.mp4,NonViolence
211,dataset/train/NonViolence/NV_289.mp4,NonViolence
212,dataset/train/NonViolence/NV_29.mp4,NonViolence
213,dataset/train/NonViolence/NV_290.mp4,NonViolence
214,dataset/train/NonViolence/NV_291.mp4,NonViolence
215,dataset/train/NonViolence/NV_292.mp4,NonViolence
216,dataset/train/NonViolence/NV_293.mp4,NonViolence
217,dataset/train/NonViolence/NV_294.mp4,NonViolence
218,dataset/train/NonViolence/NV_295.mp4,NonViolence
219,dataset/train/NonViolence/NV_296.mp4,NonViolence
220,dataset/train/NonViolence/NV_297.mp4,NonViolence
221,dataset/train/NonViolence/NV_298.mp4,NonViolence
222,dataset/train/NonViolence/NV_299.mp4,NonViolence
223,dataset/train/NonViolence/NV_3.mp4,NonViolence
224,dataset/train/NonViolence/NV_30.mp4,NonViolence
225,dataset/train/NonViolence/NV_300.mp4,NonViolence
226,dataset/train/NonViolence/NV_301.mp4,NonViolence
227,dataset/train/NonViolence/NV_302.mp4,NonViolence
228,dataset/train/NonViolence/NV_303.mp4,NonViolence
229,dataset/train/NonViolence/NV_304.mp4,NonViolence
230,dataset/train/NonViolence/NV_305.mp4,NonViolence
231,dataset/train/NonViolence/NV_306.mp4,NonViolence
232,dataset/train/NonViolence/NV_307.mp4,NonViolence
233,dataset/train/NonViolence/NV_308.mp4,NonViolence
234,dataset/train/NonViolence/NV_309.mp4,NonViolence
235,dataset/train/NonViolence/NV_31.mp4,NonViolence
236,dataset/train/NonViolence/NV_310.mp4,NonViolence
237,dataset/train/NonViolence/NV_311.mp4,NonViolence
238,dataset/train/NonViolence/NV_312.mp4,NonViolence
239,dataset/train/NonViolence/NV_313.mp4,NonViolence
240,dataset/train/NonViolence/NV_314.mp4,NonViolence
241,dataset/train/NonViolence/NV_315.mp4,NonViolence
242,dataset/train/NonViolence/NV_316.mp4,NonViolence
243,dataset/train/NonViolence/NV_317.mp4,NonViolence
244,dataset/train/NonViolence/NV_318.mp4,NonViolence
245,dataset/train/NonViolence/NV_319.mp4,NonViolence
246,dataset/train/NonViolence/NV_32.mp4,NonViolence
247,dataset/train/NonViolence/NV_320.mp4,NonViolence
248,dataset/train/NonViolence/NV_321.mp4,NonViolence
249,dataset/train/NonViolence/NV_322.mp4,NonViolence
250,dataset/train/NonViolence/NV_323.mp4,NonViolence
251,dataset/train/NonViolence/NV_324.mp4,NonViolence
252,dataset/train/NonViolence/NV_325.mp4,NonViolence
253,dataset/train/NonViolence/NV_326.mp4,NonViolence
254,dataset/train/NonViolence/NV_327.mp4,NonViolence
255,dataset/train/NonViolence/NV_328.mp4,NonViolence
256,dataset/train/NonViolence/NV_329.mp4,NonViolence
257,dataset/train/NonViolence/NV_33.mp4,NonViolence
258,dataset/train/NonViolence/NV_330.mp4,NonViolence
259,dataset/train/NonViolence/NV_331.mp4,NonViolence
260,dataset/train/NonViolence/NV_332.mp4,NonViolence
261,dataset/train/NonViolence/NV_333.mp4,NonViolence
262,dataset/train/NonViolence/NV_334.mp4,NonViolence
263,dataset/train/NonViolence/NV_335.mp4,NonViolence
264,dataset/train/NonViolence/NV_336.mp4,NonViolence
265,dataset/train/NonViolence/NV_337.mp4,NonViolence
266,dataset/train/NonViolence/NV_338.mp4,NonViolence
267,dataset/train/NonViolence/NV_339.mp4,NonViolence
268,dataset/train/NonViolence/NV_34.mp4,NonViolence
269,dataset/train/NonViolence/NV_340.mp4,NonViolence
270,dataset/train/NonViolence/NV_341.mp4,NonViolence
271,dataset/train/NonViolence/NV_342.mp4,NonViolence
272,dataset/train/NonViolence/NV_343.mp4,NonViolence
273,dataset/train/NonViolence/NV_344.mp4,NonViolence
274,dataset/train/NonViolence/NV_345.mp4,NonViolence
275,dataset/train/NonViolence/NV_346.mp4,NonViolence
276,dataset/train/NonViolence/NV_347.mp4,NonViolence
277,dataset/train/NonViolence/NV_348.mp4,NonViolence
278,dataset/train/NonViolence/NV_349.mp4,NonViolence
279,dataset/train/NonViolence/NV_35.mp4,NonViolence
280,dataset/train/NonViolence/NV_350.mp4,NonViolence
281,dataset/train/NonViolence/NV_351.mp4,NonViolence
282,dataset/train/NonViolence/NV_352.mp4,NonViolence
283,dataset/train/NonViolence/NV_353.mp4,NonViolence
284,dataset/train/NonViolence/NV_354.mp4,NonViolence
285,dataset/train/NonViolence/NV_355.mp4,NonViolence
286,dataset/train/NonViolence/NV_356.mp4,NonViolence
287,dataset/train/NonViolence/NV_357.mp4,NonViolence
288,dataset/train/NonViolence/NV_358.mp4,NonViolence
289,dataset/train/NonViolence/NV_359.mp4,NonViolence
290,dataset/train/NonViolence/NV_36.mp4,NonViolence
291,dataset/train/NonViolence/NV_360.mp4,NonViolence
292,dataset/train/NonViolence/NV_361.mp4,NonViolence
293,dataset/train/NonViolence/NV_362.mp4,NonViolence
294,dataset/train/NonViolence/NV_363.mp4,NonViolence
295,dataset/train/NonViolence/NV_364.mp4,NonViolence
296,dataset/train/NonViolence/NV_365.mp4,NonViolence
297,dataset/train/NonViolence/NV_366.mp4,NonViolence
298,dataset/train/NonViolence/NV_367.mp4,NonViolence
299,dataset/train/NonViolence/NV_368.mp4,NonViolence
300,dataset/train/NonViolence/NV_369.mp4,NonViolence
301,dataset/train/NonViolence/NV_37.mp4,NonViolence
302,dataset/train/NonViolence/NV_370.mp4,NonViolence
303,dataset/train/NonViolence/NV_371.mp4,NonViolence
304,dataset/train/NonViolence/NV_372.mp4,NonViolence
305,dataset/train/NonViolence/NV_373.mp4,NonViolence
306,dataset/train/NonViolence/NV_374.mp4,NonViolence
307,dataset/train/NonViolence/NV_375.mp4,NonViolence
308,dataset/train/NonViolence/NV_376.mp4,NonViolence
309,dataset/train/NonViolence/NV_377.mp4,NonViolence
310,dataset/train/NonViolence/NV_378.mp4,NonViolence
311,dataset/train/NonViolence/NV_379.mp4,NonViolence
312,dataset/train/NonViolence/NV_38.mp4,NonViolence
313,dataset/train/NonViolence/NV_380.mp4,NonViolence
314,dataset/train/NonViolence/NV_381.mp4,NonViolence
315,dataset/train/NonViolence/NV_382.mp4,NonViolence
316,dataset/train/NonViolence/NV_383.mp4,NonViolence
317,dataset/train/NonViolence/NV_384.mp4,NonViolence
318,dataset/train/NonViolence/NV_385.mp4,NonViolence
319,dataset/train/NonViolence/NV_386.mp4,NonViolence
320,dataset/train/NonViolence/NV_387.mp4,NonViolence
321,dataset/train/NonViolence/NV_388.mp4,NonViolence
322,dataset/train/NonViolence/NV_389.mp4,NonViolence
323,dataset/train/NonViolence/NV_39.mp4,NonViolence
324,dataset/train/NonViolence/NV_390.mp4,NonViolence
325,dataset/train/NonViolence/NV_391.mp4,NonViolence
326,dataset/train/NonViolence/NV_392.mp4,NonViolence
327,dataset/train/NonViolence/NV_393.mp4,NonViolence
328,dataset/train/NonViolence/NV_394.mp4,NonViolence
329,dataset/train/NonViolence/NV_395.mp4,NonViolence
330,dataset/train/NonViolence/NV_396.mp4,NonViolence
331,dataset/train/NonViolence/NV_397.mp4,NonViolence
332,dataset/train/NonViolence/NV_398.mp4,NonViolence
333,dataset/train/NonViolence/NV_399.mp4,NonViolence
334,dataset/train/NonViolence/NV_4.mp4,NonViolence
335,dataset/train/NonViolence/NV_40.mp4,NonViolence
336,dataset/train/NonViolence/NV_400.mp4,NonViolence
337,dataset/train/NonViolence/NV_401.mp4,NonViolence
338,dataset/train/NonViolence/NV_402.mp4,NonViolence
339,dataset/train/NonViolence/NV_403.mp4,NonViolence
340,dataset/train/NonViolence/NV_404.mp4,NonViolence
341,dataset/train/NonViolence/NV_405.mp4,NonViolence
342,dataset/train/NonViolence/NV_406.mp4,NonViolence
343,dataset/train/NonViolence/NV_407.mp4,NonViolence
344,dataset/train/NonViolence/NV_408.mp4,NonViolence
345,dataset/train/NonViolence/NV_409.mp4,NonViolence
346,dataset/train/NonViolence/NV_41.mp4,NonViolence
347,dataset/train/NonViolence/NV_410.mp4,NonViolence
348,dataset/train/NonViolence/NV_411.mp4,NonViolence
349,dataset/train/NonViolence/NV_412.mp4,NonViolence
350,dataset/train/NonViolence/NV_413.mp4,NonViolence
351,dataset/train/NonViolence/NV_414.mp4,NonViolence
352,dataset/train/NonViolence/NV_415.mp4,NonViolence
353,dataset/train/NonViolence/NV_416.mp4,NonViolence
354,dataset/train/NonViolence/NV_417.mp4,NonViolence
355,dataset/train/NonViolence/NV_418.mp4,NonViolence
356,dataset/train/NonViolence/NV_419.mp4,NonViolence
357,dataset/train/NonViolence/NV_42.mp4,NonViolence
358,dataset/train/NonViolence/NV_420.mp4,NonViolence
359,dataset/train/NonViolence/NV_421.mp4,NonViolence
360,dataset/train/NonViolence/NV_422.mp4,NonViolence
361,dataset/train/NonViolence/NV_423.mp4,NonViolence
362,dataset/train/NonViolence/NV_424.mp4,NonViolence
363,dataset/train/NonViolence/NV_425.mp4,NonViolence
364,dataset/train/NonViolence/NV_426.mp4,NonViolence
365,dataset/train/NonViolence/NV_427.mp4,NonViolence
366,dataset/train/NonViolence/NV_428.mp4,NonViolence
367,dataset/train/NonViolence/NV_429.mp4,NonViolence
368,dataset/train/NonViolence/NV_43.mp4,NonViolence
369,dataset/train/NonViolence/NV_430.mp4,NonViolence
370,dataset/train/NonViolence/NV_431.mp4,NonViolence
371,dataset/train/NonViolence/NV_432.mp4,NonViolence
372,dataset/train/NonViolence/NV_433.mp4,NonViolence
373,dataset/train/NonViolence/NV_434.mp4,NonViolence
374,dataset/train/NonViolence/NV_435.mp4,NonViolence
375,dataset/train/NonViolence/NV_436.mp4,NonViolence
376,dataset/train/NonViolence/NV_437.mp4,NonViolence
377,dataset/train/NonViolence/NV_438.mp4,NonViolence
378,dataset/train/NonViolence/NV_439.mp4,NonViolence
379,dataset/train/NonViolence/NV_44.mp4,NonViolence
380,dataset/train/NonViolence/NV_440.mp4,NonViolence
381,dataset/train/NonViolence/NV_441.mp4,NonViolence
382,dataset/train/NonViolence/NV_442.mp4,NonViolence
383,dataset/train/NonViolence/NV_443.mp4,NonViolence
384,dataset/train/NonViolence/NV_444.mp4,NonViolence
385,dataset/train/NonViolence/NV_445.mp4,NonViolence
386,dataset/train/NonViolence/NV_446.mp4,NonViolence
387,dataset/train/NonViolence/NV_447.mp4,NonViolence
388,dataset/train/NonViolence/NV_448.mp4,NonViolence
389,dataset/train/NonViolence/NV_449.mp4,NonViolence
390,dataset/train/NonViolence/NV_45.mp4,NonViolence
391,dataset/train/NonViolence/NV_450.mp4,NonViolence
392,dataset/train/NonViolence/NV_451.mp4,NonViolence
393,dataset/train/NonViolence/NV_452.mp4,NonViolence
394,dataset/train/NonViolence/NV_453.mp4,NonViolence
395,dataset/train/NonViolence/NV_454.mp4,NonViolence
396,dataset/train/NonViolence/NV_455.mp4,NonViolence
397,dataset/train/NonViolence/NV_456.mp4,NonViolence
398,dataset/train/NonViolence/NV_457.mp4,NonViolence
399,dataset/train/NonViolence/NV_458.mp4,NonViolence
400,dataset/train/NonViolence/NV_459.mp4,NonViolence
401,dataset/train/NonViolence/NV_46.mp4,NonViolence
402,dataset/train/NonViolence/NV_460.mp4,NonViolence
403,dataset/train/NonViolence/NV_461.mp4,NonViolence
404,dataset/train/NonViolence/NV_462.mp4,NonViolence
405,dataset/train/NonViolence/NV_463.mp4,NonViolence
406,dataset/train/NonViolence/NV_464.mp4,NonViolence
407,dataset/train/NonViolence/NV_465.mp4,NonViolence
408,dataset/train/NonViolence/NV_466.mp4,NonViolence
409,dataset/train/NonViolence/NV_467.mp4,NonViolence
410,dataset/train/NonViolence/NV_468.mp4,NonViolence
411,dataset/train/NonViolence/NV_469.mp4,NonViolence
412,dataset/train/NonViolence/NV_47.mp4,NonViolence
413,dataset/train/NonViolence/NV_470.mp4,NonViolence
414,dataset/train/NonViolence/NV_471.mp4,NonViolence
415,dataset/train/NonViolence/NV_472.mp4,NonViolence
416,dataset/train/NonViolence/NV_473.mp4,NonViolence
417,dataset/train/NonViolence/NV_474.mp4,NonViolence
418,dataset/train/NonViolence/NV_475.mp4,NonViolence
419,dataset/train/NonViolence/NV_476.mp4,NonViolence
420,dataset/train/NonViolence/NV_477.mp4,NonViolence
421,dataset/train/NonViolence/NV_478.mp4,NonViolence
422,dataset/train/NonViolence/NV_479.mp4,NonViolence
423,dataset/train/NonViolence/NV_48.mp4,NonViolence
424,dataset/train/NonViolence/NV_480.mp4,NonViolence
425,dataset/train/NonViolence/NV_481.mp4,NonViolence
426,dataset/train/NonViolence/NV_482.mp4,NonViolence
427,dataset/train/NonViolence/NV_483.mp4,NonViolence
428,dataset/train/NonViolence/NV_484.mp4,NonViolence
429,dataset/train/NonViolence/NV_485.mp4,NonViolence
430,dataset/train/NonViolence/NV_486.mp4,NonViolence
431,dataset/train/NonViolence/NV_487.mp4,NonViolence
432,dataset/train/NonViolence/NV_488.mp4,NonViolence
433,dataset/train/NonViolence/NV_489.mp4,NonViolence
434,dataset/train/NonViolence/NV_49.mp4,NonViolence
435,dataset/train/NonViolence/NV_490.mp4,NonViolence
436,dataset/train/NonViolence/NV_491.mp4,NonViolence
437,dataset/train/NonViolence/NV_492.mp4,NonViolence
438,dataset/train/NonViolence/NV_493.mp4,NonViolence
439,dataset/train/NonViolence/NV_494.mp4,NonViolence
440,dataset/train/NonViolence/NV_495.mp4,NonViolence
441,dataset/train/NonViolence/NV_496.mp4,NonViolence
442,dataset/train/NonViolence/NV_497.mp4,NonViolence
443,dataset/train/NonViolence/NV_498.mp4,NonViolence
444,dataset/train/NonViolence/NV_499.mp4,NonViolence
445,dataset/train/NonViolence/NV_5.mp4,NonViolence
446,dataset/train/NonViolence/NV_50.mp4,NonViolence
447,dataset/train/NonViolence/NV_500.mp4,NonViolence
448,dataset/train/NonViolence/NV_501.mp4,NonViolence
449,dataset/train/NonViolence/NV_502.mp4,NonViolence
450,dataset/train/NonViolence/NV_503.mp4,NonViolence
451,dataset/train/NonViolence/NV_504.mp4,NonViolence
452,dataset/train/NonViolence/NV_505.mp4,NonViolence
453,dataset/train/NonViolence/NV_506.mp4,NonViolence
454,dataset/train/NonViolence/NV_507.mp4,NonViolence
455,dataset/train/NonViolence/NV_508.mp4,NonViolence
456,dataset/train/NonViolence/NV_509.mp4,NonViolence
457,dataset/train/NonViolence/NV_51.mp4,NonViolence
458,dataset/train/NonViolence/NV_510.mp4,NonViolence
459,dataset/train/NonViolence/NV_511.mp4,NonViolence
460,dataset/train/NonViolence/NV_512.mp4,NonViolence
461,dataset/train/NonViolence/NV_513.mp4,NonViolence
462,dataset/train/NonViolence/NV_514.mp4,NonViolence
463,dataset/train/NonViolence/NV_515.mp4,NonViolence
464,dataset/train/NonViolence/NV_516.mp4,NonViolence
465,dataset/train/NonViolence/NV_517.mp4,NonViolence
466,dataset/train/NonViolence/NV_518.mp4,NonViolence
467,dataset/train/NonViolence/NV_519.mp4,NonViolence
468,dataset/train/NonViolence/NV_52.mp4,NonViolence
469,dataset/train/NonViolence/NV_520.mp4,NonViolence
470,dataset/train/NonViolence/NV_521.mp4,NonViolence
471,dataset/train/NonViolence/NV_522.mp4,NonViolence
472,dataset/train/NonViolence/NV_523.mp4,NonViolence
473,dataset/train/NonViolence/NV_524.mp4,NonViolence
474,dataset/train/NonViolence/NV_525.mp4,NonViolence
475,dataset/train/NonViolence/NV_526.mp4,NonViolence
476,dataset/train/NonViolence/NV_527.mp4,NonViolence
477,dataset/train/NonViolence/NV_528.mp4,NonViolence
478,dataset/train/NonViolence/NV_529.mp4,NonViolence
479,dataset/train/NonViolence/NV_53.mp4,NonViolence
480,dataset/train/NonViolence/NV_530.mp4,NonViolence
481,dataset/train/NonViolence/NV_531.mp4,NonViolence
482,dataset/train/NonViolence/NV_532.mp4,NonViolence
483,dataset/train/NonViolence/NV_533.mp4,NonViolence
484,dataset/train/NonViolence/NV_534.mp4,NonViolence
485,dataset/train/NonViolence/NV_535.mp4,NonViolence
486,dataset/train/NonViolence/NV_536.mp4,NonViolence
487,dataset/train/NonViolence/NV_537.mp4,NonViolence
488,dataset/train/NonViolence/NV_538.mp4,NonViolence
489,dataset/train/NonViolence/NV_539.mp4,NonViolence
490,dataset/train/NonViolence/NV_54.mp4,NonViolence
491,dataset/train/NonViolence/NV_540.mp4,NonViolence
492,dataset/train/NonViolence/NV_541.mp4,NonViolence
493,dataset/train/NonViolence/NV_542.mp4,NonViolence
494,dataset/train/NonViolence/NV_543.mp4,NonViolence
495,dataset/train/NonViolence/NV_544.mp4,NonViolence
496,dataset/train/NonViolence/NV_545.mp4,NonViolence
497,dataset/train/NonViolence/NV_546.mp4,NonViolence
498,dataset/train/NonViolence/NV_547.mp4,NonViolence
499,dataset/train/NonViolence/NV_548.mp4,NonViolence
500,dataset/train/NonViolence/NV_549.mp4,NonViolence
501,dataset/train/NonViolence/NV_55.mp4,NonViolence
502,dataset/train/NonViolence/NV_550.mp4,NonViolence
503,dataset/train/NonViolence/NV_551.mp4,NonViolence
504,dataset/train/NonViolence/NV_552.mp4,NonViolence
505,dataset/train/NonViolence/NV_553.mp4,NonViolence
506,dataset/train/NonViolence/NV_554.mp4,NonViolence
507,dataset/train/NonViolence/NV_555.mp4,NonViolence
508,dataset/train/NonViolence/NV_556.mp4,NonViolence
509,dataset/train/NonViolence/NV_557.mp4,NonViolence
510,dataset/train/NonViolence/NV_558.mp4,NonViolence
511,dataset/train/NonViolence/NV_559.mp4,NonViolence
512,dataset/train/NonViolence/NV_56.mp4,NonViolence
513,dataset/train/NonViolence/NV_560.mp4,NonViolence
514,dataset/train/NonViolence/NV_561.mp4,NonViolence
515,dataset/train/NonViolence/NV_562.mp4,NonViolence
516,dataset/train/NonViolence/NV_563.mp4,NonViolence
517,dataset/train/NonViolence/NV_564.mp4,NonViolence
518,dataset/train/NonViolence/NV_565.mp4,NonViolence
519,dataset/train/NonViolence/NV_566.mp4,NonViolence
520,dataset/train/NonViolence/NV_567.mp4,NonViolence
521,dataset/train/NonViolence/NV_568.mp4,NonViolence
522,dataset/train/NonViolence/NV_569.mp4,NonViolence
523,dataset/train/NonViolence/NV_57.mp4,NonViolence
524,dataset/train/NonViolence/NV_570.mp4,NonViolence
525,dataset/train/NonViolence/NV_571.mp4,NonViolence
526,dataset/train/NonViolence/NV_572.mp4,NonViolence
527,dataset/train/NonViolence/NV_573.mp4,NonViolence
528,dataset/train/NonViolence/NV_574.mp4,NonViolence
529,dataset/train/NonViolence/NV_575.mp4,NonViolence
530,dataset/train/NonViolence/NV_576.mp4,NonViolence
531,dataset/train/NonViolence/NV_577.mp4,NonViolence
532,dataset/train/NonViolence/NV_578.mp4,NonViolence
533,dataset/train/NonViolence/NV_579.mp4,NonViolence
534,dataset/train/NonViolence/NV_58.mp4,NonViolence
535,dataset/train/NonViolence/NV_580.mp4,NonViolence
536,dataset/train/NonViolence/NV_581.mp4,NonViolence
537,dataset/train/NonViolence/NV_582.mp4,NonViolence
538,dataset/train/NonViolence/NV_583.mp4,NonViolence
539,dataset/train/NonViolence/NV_584.mp4,NonViolence
540,dataset/train/NonViolence/NV_585.mp4,NonViolence
541,dataset/train/NonViolence/NV_586.mp4,NonViolence
542,dataset/train/NonViolence/NV_587.mp4,NonViolence
543,dataset/train/NonViolence/NV_588.mp4,NonViolence
544,dataset/train/NonViolence/NV_589.mp4,NonViolence
545,dataset/train/NonViolence/NV_59.mp4,NonViolence
546,dataset/train/NonViolence/NV_590.mp4,NonViolence
547,dataset/train/NonViolence/NV_591.mp4,NonViolence
548,dataset/train/NonViolence/NV_592.mp4,NonViolence
549,dataset/train/NonViolence/NV_593.mp4,NonViolence
550,dataset/train/NonViolence/NV_594.mp4,NonViolence
551,dataset/train/NonViolence/NV_595.mp4,NonViolence
552,dataset/train/NonViolence/NV_596.mp4,NonViolence
553,dataset/train/NonViolence/NV_597.mp4,NonViolence
554,dataset/train/NonViolence/NV_598.mp4,NonViolence
555,dataset/train/NonViolence/NV_599.mp4,NonViolence
556,dataset/train/NonViolence/NV_6.mp4,NonViolence
557,dataset/train/NonViolence/NV_60.mp4,NonViolence
558,dataset/train/NonViolence/NV_600.mp4,NonViolence
559,dataset/train/NonViolence/NV_601.mp4,NonViolence
560,dataset/train/NonViolence/NV_602.avi,NonViolence
561,dataset/train/NonViolence/NV_603.mp4,NonViolence
562,dataset/train/NonViolence/NV_604.mp4,NonViolence
563,dataset/train/NonViolence/NV_605.mp4,NonViolence
564,dataset/train/NonViolence/NV_606.mp4,NonViolence
565,dataset/train/NonViolence/NV_607.mp4,NonViolence
566,dataset/train/NonViolence/NV_608.mp4,NonViolence
567,dataset/train/NonViolence/NV_609.mp4,NonViolence
568,dataset/train/NonViolence/NV_61.mp4,NonViolence
569,dataset/train/NonViolence/NV_610.mp4,NonViolence
570,dataset/train/NonViolence/NV_611.mp4,NonViolence
571,dataset/train/NonViolence/NV_612.mp4,NonViolence
572,dataset/train/NonViolence/NV_613.mp4,NonViolence
573,dataset/train/NonViolence/NV_614.mp4,NonViolence
574,dataset/train/NonViolence/NV_615.mp4,NonViolence
575,dataset/train/NonViolence/NV_616.mp4,NonViolence
576,dataset/train/NonViolence/NV_617.mp4,NonViolence
577,dataset/train/NonViolence/NV_618.mp4,NonViolence
578,dataset/train/NonViolence/NV_619.mp4,NonViolence
579,dataset/train/NonViolence/NV_62.mp4,NonViolence
580,dataset/train/NonViolence/NV_620.mp4,NonViolence
581,dataset/train/NonViolence/NV_621.mp4,NonViolence
582,dataset/train/NonViolence/NV_622.mp4,NonViolence
583,dataset/train/NonViolence/NV_623.mp4,NonViolence
584,dataset/train/NonViolence/NV_624.mp4,NonViolence
585,dataset/train/NonViolence/NV_625.mp4,NonViolence
586,dataset/train/NonViolence/NV_626.mp4,NonViolence
587,dataset/train/NonViolence/NV_627.mp4,NonViolence
588,dataset/train/NonViolence/NV_628.mp4,NonViolence
589,dataset/train/NonViolence/NV_629.mp4,NonViolence
590,dataset/train/NonViolence/NV_63.mp4,NonViolence
591,dataset/train/NonViolence/NV_630.mp4,NonViolence
592,dataset/train/NonViolence/NV_631.mp4,NonViolence
593,dataset/train/NonViolence/NV_632.mp4,NonViolence
594,dataset/train/NonViolence/NV_633.mp4,NonViolence
595,dataset/train/NonViolence/NV_634.mp4,NonViolence
596,dataset/train/NonViolence/NV_635.mp4,NonViolence
597,dataset/train/NonViolence/NV_636.mp4,NonViolence
598,dataset/train/NonViolence/NV_637.mp4,NonViolence
599,dataset/train/NonViolence/NV_638.mp4,NonViolence
600,dataset/train/NonViolence/NV_639.mp4,NonViolence
601,dataset/train/NonViolence/NV_64.mp4,NonViolence
602,dataset/train/NonViolence/NV_640.mp4,NonViolence
603,dataset/train/NonViolence/NV_641.mp4,NonViolence
604,dataset/train/NonViolence/NV_642.mp4,NonViolence
605,dataset/train/NonViolence/NV_643.mp4,NonViolence
606,dataset/train/NonViolence/NV_644.mp4,NonViolence
607,dataset/train/NonViolence/NV_645.mp4,NonViolence
608,dataset/train/NonViolence/NV_646.mp4,NonViolence
609,dataset/train/NonViolence/NV_647.mp4,NonViolence
610,dataset/train/NonViolence/NV_648.mp4,NonViolence
611,dataset/train/NonViolence/NV_649.mp4,NonViolence
612,dataset/train/NonViolence/NV_65.mp4,NonViolence
613,dataset/train/NonViolence/NV_650.mp4,NonViolence
614,dataset/train/NonViolence/NV_651.mp4,NonViolence
615,dataset/train/NonViolence/NV_652.mp4,NonViolence
616,dataset/train/NonViolence/NV_653.mp4,NonViolence
617,dataset/train/NonViolence/NV_654.mp4,NonViolence
618,dataset/train/NonViolence/NV_655.mp4,NonViolence
619,dataset/train/NonViolence/NV_656.mp4,NonViolence
620,dataset/train/NonViolence/NV_657.mp4,NonViolence
621,dataset/train/NonViolence/NV_658.mp4,NonViolence
622,dataset/train/NonViolence/NV_659.mp4,NonViolence
623,dataset/train/NonViolence/NV_66.mp4,NonViolence
624,dataset/train/NonViolence/NV_660.mp4,NonViolence
625,dataset/train/NonViolence/NV_661.mp4,NonViolence
626,dataset/train/NonViolence/NV_662.mp4,NonViolence
627,dataset/train/NonViolence/NV_663.mp4,NonViolence
628,dataset/train/NonViolence/NV_664.mp4,NonViolence
629,dataset/train/NonViolence/NV_665.mp4,NonViolence
630,dataset/train/NonViolence/NV_666.mp4,NonViolence
631,dataset/train/NonViolence/NV_667.mp4,NonViolence
632,dataset/train/NonViolence/NV_668.mp4,NonViolence
633,dataset/train/NonViolence/NV_669.mp4,NonViolence
634,dataset/train/NonViolence/NV_67.mp4,NonViolence
635,dataset/train/NonViolence/NV_670.mp4,NonViolence
636,dataset/train/NonViolence/NV_671.mp4,NonViolence
637,dataset/train/NonViolence/NV_672.mp4,NonViolence
638,dataset/train/NonViolence/NV_673.mp4,NonViolence
639,dataset/train/NonViolence/NV_674.mp4,NonViolence
640,dataset/train/NonViolence/NV_675.mp4,NonViolence
641,dataset/train/NonViolence/NV_676.mp4,NonViolence
642,dataset/train/NonViolence/NV_677.mp4,NonViolence
643,dataset/train/NonViolence/NV_678.mp4,NonViolence
644,dataset/train/NonViolence/NV_679.mp4,NonViolence
645,dataset/train/NonViolence/NV_68.mp4,NonViolence
646,dataset/train/NonViolence/NV_680.mp4,NonViolence
647,dataset/train/NonViolence/NV_681.mp4,NonViolence
648,dataset/train/NonViolence/NV_682.mp4,NonViolence
649,dataset/train/NonViolence/NV_683.mp4,NonViolence
650,dataset/train/NonViolence/NV_684.mp4,NonViolence
651,dataset/train/NonViolence/NV_685.mp4,NonViolence
652,dataset/train/NonViolence/NV_686.mp4,NonViolence
653,dataset/train/NonViolence/NV_687.mp4,NonViolence
654,dataset/train/NonViolence/NV_688.mp4,NonViolence
655,dataset/train/NonViolence/NV_689.mp4,NonViolence
656,dataset/train/NonViolence/NV_69.mp4,NonViolence
657,dataset/train/NonViolence/NV_690.mp4,NonViolence
658,dataset/train/NonViolence/NV_691.mp4,NonViolence
659,dataset/train/NonViolence/NV_692.mp4,NonViolence
660,dataset/train/NonViolence/NV_693.mp4,NonViolence
661,dataset/train/NonViolence/NV_694.mp4,NonViolence
662,dataset/train/NonViolence/NV_695.mp4,NonViolence
663,dataset/train/NonViolence/NV_696.mp4,NonViolence
664,dataset/train/NonViolence/NV_697.mp4,NonViolence
665,dataset/train/NonViolence/NV_698.mp4,NonViolence
666,dataset/train/NonViolence/NV_699.mp4,NonViolence
667,dataset/train/NonViolence/NV_7.mp4,NonViolence
668,dataset/train/NonViolence/NV_70.mp4,NonViolence
669,dataset/train/NonViolence/NV_700.mp4,NonViolence
670,dataset/train/NonViolence/NV_701.mp4,NonViolence
671,dataset/train/NonViolence/NV_702.mp4,NonViolence
672,dataset/train/NonViolence/NV_703.mp4,NonViolence
673,dataset/train/NonViolence/NV_704.mp4,NonViolence
674,dataset/train/NonViolence/NV_705.mp4,NonViolence
675,dataset/train/NonViolence/NV_706.mp4,NonViolence
676,dataset/train/NonViolence/NV_707.mp4,NonViolence
677,dataset/train/NonViolence/NV_708.mp4,NonViolence
678,dataset/train/NonViolence/NV_709.mp4,NonViolence
679,dataset/train/NonViolence/NV_71.mp4,NonViolence
680,dataset/train/NonViolence/NV_710.mp4,NonViolence
681,dataset/train/NonViolence/NV_711.mp4,NonViolence
682,dataset/train/NonViolence/NV_712.mp4,NonViolence
683,dataset/train/NonViolence/NV_713.mp4,NonViolence
684,dataset/train/NonViolence/NV_714.mp4,NonViolence
685,dataset/train/NonViolence/NV_715.mp4,NonViolence
686,dataset/train/NonViolence/NV_716.mp4,NonViolence
687,dataset/train/NonViolence/NV_717.mp4,NonViolence
688,dataset/train/NonViolence/NV_718.mp4,NonViolence
689,dataset/train/NonViolence/NV_719.mp4,NonViolence
690,dataset/train/NonViolence/NV_72.mp4,NonViolence
691,dataset/train/NonViolence/NV_720.mp4,NonViolence
692,dataset/train/NonViolence/NV_721.mp4,NonViolence
693,dataset/train/NonViolence/NV_722.mp4,NonViolence
694,dataset/train/NonViolence/NV_723.mp4,NonViolence
695,dataset/train/NonViolence/NV_724.mp4,NonViolence
696,dataset/train/NonViolence/NV_725.mp4,NonViolence
697,dataset/train/NonViolence/NV_726.mp4,NonViolence
698,dataset/train/NonViolence/NV_727.mp4,NonViolence
699,dataset/train/NonViolence/NV_728.mp4,NonViolence
700,dataset/train/NonViolence/NV_729.mp4,NonViolence
701,dataset/train/NonViolence/NV_73.mp4,NonViolence
702,dataset/train/NonViolence/NV_730.mp4,NonViolence
703,dataset/train/NonViolence/NV_731.mp4,NonViolence
704,dataset/train/NonViolence/NV_732.mp4,NonViolence
705,dataset/train/NonViolence/NV_733.mp4,NonViolence
706,dataset/train/NonViolence/NV_734.mp4,NonViolence
707,dataset/train/NonViolence/NV_735.mp4,NonViolence
708,dataset/train/NonViolence/NV_736.mp4,NonViolence
709,dataset/train/NonViolence/NV_737.mp4,NonViolence
710,dataset/train/NonViolence/NV_738.mp4,NonViolence
711,dataset/train/NonViolence/NV_739.mp4,NonViolence
712,dataset/train/NonViolence/NV_74.mp4,NonViolence
713,dataset/train/NonViolence/NV_740.mp4,NonViolence
714,dataset/train/NonViolence/NV_741.mp4,NonViolence
715,dataset/train/NonViolence/NV_742.mp4,NonViolence
716,dataset/train/NonViolence/NV_743.mp4,NonViolence
717,dataset/train/NonViolence/NV_744.mp4,NonViolence
718,dataset/train/NonViolence/NV_745.mp4,NonViolence
719,dataset/train/NonViolence/NV_746.mp4,NonViolence
720,dataset/train/NonViolence/NV_747.mp4,NonViolence
721,dataset/train/NonViolence/NV_748.mp4,NonViolence
722,dataset/train/NonViolence/NV_749.mp4,NonViolence
723,dataset/train/NonViolence/NV_75.mp4,NonViolence
724,dataset/train/NonViolence/NV_750.mp4,NonViolence
725,dataset/train/NonViolence/NV_751.mp4,NonViolence
726,dataset/train/NonViolence/NV_752.mp4,NonViolence
727,dataset/train/NonViolence/NV_753.mp4,NonViolence
728,dataset/train/NonViolence/NV_754.mp4,NonViolence
729,dataset/train/NonViolence/NV_755.mp4,NonViolence
730,dataset/train/NonViolence/NV_756.mp4,NonViolence
731,dataset/train/NonViolence/NV_757.mp4,NonViolence
732,dataset/train/NonViolence/NV_758.mp4,NonViolence
733,dataset/train/NonViolence/NV_759.mp4,NonViolence
734,dataset/train/NonViolence/NV_76.mp4,NonViolence
735,dataset/train/NonViolence/NV_760.mp4,NonViolence
736,dataset/train/NonViolence/NV_761.mp4,NonViolence
737,dataset/train/NonViolence/NV_762.mp4,NonViolence
738,dataset/train/NonViolence/NV_763.mp4,NonViolence
739,dataset/train/NonViolence/NV_764.mp4,NonViolence
740,dataset/train/NonViolence/NV_765.mp4,NonViolence
741,dataset/train/NonViolence/NV_766.mp4,NonViolence
742,dataset/train/NonViolence/NV_767.mp4,NonViolence
743,dataset/train/NonViolence/NV_768.mp4,NonViolence
744,dataset/train/NonViolence/NV_769.mp4,NonViolence
745,dataset/train/NonViolence/NV_77.mp4,NonViolence
746,dataset/train/NonViolence/NV_770.mp4,NonViolence
747,dataset/train/NonViolence/NV_771.mp4,NonViolence
748,dataset/train/NonViolence/NV_772.mp4,NonViolence
749,dataset/train/NonViolence/NV_773.mp4,NonViolence
750,dataset/train/NonViolence/NV_774.mp4,NonViolence
751,dataset/train/NonViolence/NV_775.mp4,NonViolence
752,dataset/train/NonViolence/NV_776.mp4,NonViolence
753,dataset/train/NonViolence/NV_777.mp4,NonViolence
754,dataset/train/NonViolence/NV_778.mp4,NonViolence
755,dataset/train/NonViolence/NV_779.mp4,NonViolence
756,dataset/train/NonViolence/NV_78.mp4,NonViolence
757,dataset/train/NonViolence/NV_780.mp4,NonViolence
758,dataset/train/NonViolence/NV_781.mp4,NonViolence
759,dataset/train/NonViolence/NV_782.mp4,NonViolence
760,dataset/train/NonViolence/NV_783.mp4,NonViolence
761,dataset/train/NonViolence/NV_784.mp4,NonViolence
762,dataset/train/NonViolence/NV_785.mp4,NonViolence
763,dataset/train/NonViolence/NV_786.mp4,NonViolence
764,dataset/train/NonViolence/NV_787.mp4,NonViolence
765,dataset/train/NonViolence/NV_788.mp4,NonViolence
766,dataset/train/NonViolence/NV_789.mp4,NonViolence
767,dataset/train/NonViolence/NV_79.mp4,NonViolence
768,dataset/train/NonViolence/NV_790.mp4,NonViolence
769,dataset/train/NonViolence/NV_791.mp4,NonViolence
770,dataset/train/NonViolence/NV_792.mp4,NonViolence
771,dataset/train/NonViolence/NV_793.mp4,NonViolence
772,dataset/train/NonViolence/NV_794.mp4,NonViolence
773,dataset/train/NonViolence/NV_795.mp4,NonViolence
774,dataset/train/NonViolence/NV_796.mp4,NonViolence
775,dataset/train/NonViolence/NV_797.mp4,NonViolence
776,dataset/train/NonViolence/NV_798.mp4,NonViolence
777,dataset/train/NonViolence/NV_799.mp4,NonViolence
778,dataset/train/NonViolence/NV_8.mp4,NonViolence
779,dataset/train/NonViolence/NV_80.mp4,NonViolence
780,dataset/train/NonViolence/NV_800.mp4,NonViolence
781,dataset/train/NonViolence/NV_801.mp4,NonViolence
782,dataset/train/NonViolence/NV_802.mp4,NonViolence
783,dataset/train/NonViolence/NV_803.mp4,NonViolence
784,dataset/train/NonViolence/NV_804.mp4,NonViolence
785,dataset/train/NonViolence/NV_805.mp4,NonViolence
786,dataset/train/NonViolence/NV_806.mp4,NonViolence
787,dataset/train/NonViolence/NV_807.mp4,NonViolence
788,dataset/train/NonViolence/NV_808.mp4,NonViolence
789,dataset/train/NonViolence/NV_809.mp4,NonViolence
790,dataset/train/NonViolence/NV_81.mp4,NonViolence
791,dataset/train/NonViolence/NV_810.mp4,NonViolence
792,dataset/train/NonViolence/NV_811.mp4,NonViolence
793,dataset/train/NonViolence/NV_812.mp4,NonViolence
794,dataset/train/NonViolence/NV_813.mp4,NonViolence
795,dataset/train/NonViolence/NV_814.mp4,NonViolence
796,dataset/train/NonViolence/NV_815.mp4,NonViolence
797,dataset/train/NonViolence/NV_816.mp4,NonViolence
798,dataset/train/NonViolence/NV_817.mp4,NonViolence
799,dataset/train/NonViolence/NV_818.mp4,NonViolence
800,dataset/train/NonViolence/NV_819.mp4,NonViolence
801,dataset/train/NonViolence/NV_82.mp4,NonViolence
802,dataset/train/NonViolence/NV_820.mp4,NonViolence
803,dataset/train/NonViolence/NV_821.mp4,NonViolence
804,dataset/train/NonViolence/NV_822.mp4,NonViolence
805,dataset/train/NonViolence/NV_823.mp4,NonViolence
806,dataset/train/NonViolence/NV_824.mp4,NonViolence
807,dataset/train/NonViolence/NV_825.mp4,NonViolence
808,dataset/train/NonViolence/NV_826.mp4,NonViolence
809,dataset/train/NonViolence/NV_827.mp4,NonViolence
810,dataset/train/NonViolence/NV_828.mp4,NonViolence
811,dataset/train/NonViolence/NV_829.mp4,NonViolence
812,dataset/train/NonViolence/NV_83.mp4,NonViolence
813,dataset/train/NonViolence/NV_830.mp4,NonViolence
814,dataset/train/NonViolence/NV_831.mp4,NonViolence
815,dataset/train/NonViolence/NV_832.mp4,NonViolence
816,dataset/train/NonViolence/NV_833.mp4,NonViolence
817,dataset/train/NonViolence/NV_834.mp4,NonViolence
818,dataset/train/NonViolence/NV_835.mp4,NonViolence
819,dataset/train/NonViolence/NV_836.mp4,NonViolence
820,dataset/train/NonViolence/NV_837.mp4,NonViolence
821,dataset/train/NonViolence/NV_838.mp4,NonViolence
822,dataset/train/NonViolence/NV_839.mp4,NonViolence
823,dataset/train/NonViolence/NV_84.mp4,NonViolence
824,dataset/train/NonViolence/NV_840.mp4,NonViolence
825,dataset/train/NonViolence/NV_841.mp4,NonViolence
826,dataset/train/NonViolence/NV_842.mp4,NonViolence
827,dataset/train/NonViolence/NV_843.mp4,NonViolence
828,dataset/train/NonViolence/NV_844.mp4,NonViolence
829,dataset/train/NonViolence/NV_845.mp4,NonViolence
830,dataset/train/NonViolence/NV_846.mp4,NonViolence
831,dataset/train/NonViolence/NV_847.mp4,NonViolence
832,dataset/train/NonViolence/NV_848.mp4,NonViolence
833,dataset/train/NonViolence/NV_849.mp4,NonViolence
834,dataset/train/NonViolence/NV_85.mp4,NonViolence
835,dataset/train/NonViolence/NV_850.mp4,NonViolence
836,dataset/train/NonViolence/NV_851.mp4,NonViolence
837,dataset/train/NonViolence/NV_852.mp4,NonViolence
838,dataset/train/NonViolence/NV_853.mp4,NonViolence
839,dataset/train/NonViolence/NV_854.mp4,NonViolence
840,dataset/train/NonViolence/NV_855.mp4,NonViolence
841,dataset/train/NonViolence/NV_856.mp4,NonViolence
842,dataset/train/NonViolence/NV_857.mp4,NonViolence
843,dataset/train/NonViolence/NV_858.mp4,NonViolence
844,dataset/train/NonViolence/NV_859.mp4,NonViolence
845,dataset/train/NonViolence/NV_86.mp4,NonViolence
846,dataset/train/NonViolence/NV_860.mp4,NonViolence
847,dataset/train/NonViolence/NV_861.mp4,NonViolence
848,dataset/train/NonViolence/NV_862.mp4,NonViolence
849,dataset/train/NonViolence/NV_863.avi,NonViolence
850,dataset/train/NonViolence/NV_864.avi,NonViolence
851,dataset/train/NonViolence/NV_865.avi,NonViolence
852,dataset/train/NonViolence/NV_866.avi,NonViolence
853,dataset/train/NonViolence/NV_867.avi,NonViolence
854,dataset/train/NonViolence/NV_868.avi,NonViolence
855,dataset/train/NonViolence/NV_869.avi,NonViolence
856,dataset/train/NonViolence/NV_87.mp4,NonViolence
857,dataset/train/NonViolence/NV_870.avi,NonViolence
858,dataset/train/NonViolence/NV_871.avi,NonViolence
859,dataset/train/NonViolence/NV_872.avi,NonViolence
860,dataset/train/NonViolence/NV_873.avi,NonViolence
861,dataset/train/NonViolence/NV_874.avi,NonViolence
862,dataset/train/NonViolence/NV_875.avi,NonViolence
863,dataset/train/NonViolence/NV_876.avi,NonViolence
864,dataset/train/NonViolence/NV_877.avi,NonViolence
865,dataset/train/NonViolence/NV_878.avi,NonViolence
866,dataset/train/NonViolence/NV_879.avi,NonViolence
867,dataset/train/NonViolence/NV_88.mp4,NonViolence
868,dataset/train/NonViolence/NV_880.avi,NonViolence
869,dataset/train/NonViolence/NV_881.avi,NonViolence
870,dataset/train/NonViolence/NV_882.avi,NonViolence
871,dataset/train/NonViolence/NV_883.avi,NonViolence
872,dataset/train/NonViolence/NV_884.avi,NonViolence
873,dataset/train/NonViolence/NV_885.avi,NonViolence
874,dataset/train/NonViolence/NV_886.avi,NonViolence
875,dataset/train/NonViolence/NV_887.avi,NonViolence
876,dataset/train/NonViolence/NV_888.avi,NonViolence
877,dataset/train/NonViolence/NV_889.avi,NonViolence
878,dataset/train/NonViolence/NV_89.mp4,NonViolence
879,dataset/train/NonViolence/NV_890.avi,NonViolence
880,dataset/train/NonViolence/NV_891.avi,NonViolence
881,dataset/train/NonViolence/NV_892.avi,NonViolence
882,dataset/train/NonViolence/NV_893.avi,NonViolence
883,dataset/train/NonViolence/NV_894.avi,NonViolence
884,dataset/train/NonViolence/NV_895.avi,NonViolence
885,dataset/train/NonViolence/NV_896.avi,NonViolence
886,dataset/train/NonViolence/NV_897.avi,NonViolence
887,dataset/train/NonViolence/NV_898.avi,NonViolence
888,dataset/train/NonViolence/NV_899.avi,NonViolence
889,dataset/train/NonViolence/NV_9.mp4,NonViolence
890,dataset/train/NonViolence/NV_90.mp4,NonViolence
891,dataset/train/NonViolence/NV_900.avi,NonViolence
892,dataset/train/NonViolence/NV_901.avi,NonViolence
893,dataset/train/NonViolence/NV_902.avi,NonViolence
894,dataset/train/NonViolence/NV_903.avi,NonViolence
895,dataset/train/NonViolence/NV_904.avi,NonViolence
896,dataset/train/NonViolence/NV_905.avi,NonViolence
897,dataset/train/NonViolence/NV_906.avi,NonViolence
898,dataset/train/NonViolence/NV_907.avi,NonViolence
899,dataset/train/NonViolence/NV_908.avi,NonViolence
900,dataset/train/NonViolence/NV_909.avi,NonViolence
901,dataset/train/NonViolence/NV_91.mp4,NonViolence
902,dataset/train/NonViolence/NV_910.avi,NonViolence
903,dataset/train/NonViolence/NV_911.mp4,NonViolence
904,dataset/train/NonViolence/NV_912.mp4,NonViolence
905,dataset/train/NonViolence/NV_913.mp4,NonViolence
906,dataset/train/NonViolence/NV_914.mp4,NonViolence
907,dataset/train/NonViolence/NV_915.mp4,NonViolence
908,dataset/train/NonViolence/NV_916.mp4,NonViolence
909,dataset/train/NonViolence/NV_917.mp4,NonViolence
910,dataset/train/NonViolence/NV_918.mp4,NonViolence
911,dataset/train/NonViolence/NV_919.mp4,NonViolence
912,dataset/train/NonViolence/NV_92.mp4,NonViolence
913,dataset/train/NonViolence/NV_920.mp4,NonViolence
914,dataset/train/NonViolence/NV_921.mp4,NonViolence
915,dataset/train/NonViolence/NV_922.mp4,NonViolence
916,dataset/train/NonViolence/NV_923.mp4,NonViolence
917,dataset/train/NonViolence/NV_924.mp4,NonViolence
918,dataset/train/NonViolence/NV_925.mp4,NonViolence
919,dataset/train/NonViolence/NV_926.mp4,NonViolence
920,dataset/train/NonViolence/NV_927.mp4,NonViolence
921,dataset/train/NonViolence/NV_928.mp4,NonViolence
922,dataset/train/NonViolence/NV_929.mp4,NonViolence
923,dataset/train/NonViolence/NV_93.mp4,NonViolence
924,dataset/train/NonViolence/NV_930.mp4,NonViolence
925,dataset/train/NonViolence/NV_931.mp4,NonViolence
926,dataset/train/NonViolence/NV_932.mp4,NonViolence
927,dataset/train/NonViolence/NV_933.mp4,NonViolence
928,dataset/train/NonViolence/NV_934.mp4,NonViolence
929,dataset/train/NonViolence/NV_935.mp4,NonViolence
930,dataset/train/NonViolence/NV_936.mp4,NonViolence
931,dataset/train/NonViolence/NV_937.mp4,NonViolence
932,dataset/train/NonViolence/NV_938.mp4,NonViolence
933,dataset/train/NonViolence/NV_939.mp4,NonViolence
934,dataset/train/NonViolence/NV_94.mp4,NonViolence
935,dataset/train/NonViolence/NV_940.mp4,NonViolence
936,dataset/train/NonViolence/NV_941.mp4,NonViolence
937,dataset/train/NonViolence/NV_942.mp4,NonViolence
938,dataset/train/NonViolence/NV_943.mp4,NonViolence
939,dataset/train/NonViolence/NV_944.mp4,NonViolence
940,dataset/train/NonViolence/NV_945.mp4,NonViolence
941,dataset/train/NonViolence/NV_946.mp4,NonViolence
942,dataset/train/NonViolence/NV_947.mp4,NonViolence
943,dataset/train/NonViolence/NV_948.mp4,NonViolence
944,dataset/train/NonViolence/NV_949.mp4,NonViolence
945,dataset/train/NonViolence/NV_95.mp4,NonViolence
946,dataset/train/NonViolence/NV_950.mp4,NonViolence
947,dataset/train/NonViolence/NV_951.mp4,NonViolence
948,dataset/train/NonViolence/NV_952.mp4,NonViolence
949,dataset/train/NonViolence/NV_953.mp4,NonViolence
950,dataset/train/NonViolence/NV_954.mp4,NonViolence
951,dataset/train/NonViolence/NV_955.mp4,NonViolence
952,dataset/train/NonViolence/NV_956.mp4,NonViolence
953,dataset/train/NonViolence/NV_957.mp4,NonViolence
954,dataset/train/NonViolence/NV_958.mp4,NonViolence
955,dataset/train/NonViolence/NV_959.mp4,NonViolence
956,dataset/train/NonViolence/NV_96.mp4,NonViolence
957,dataset/train/NonViolence/NV_960.mp4,NonViolence
958,dataset/train/NonViolence/NV_961.mp4,NonViolence
959,dataset/train/NonViolence/NV_962.mp4,NonViolence
960,dataset/train/NonViolence/NV_963.mp4,NonViolence
961,dataset/train/NonViolence/NV_964.mp4,NonViolence
962,dataset/train/NonViolence/NV_965.mp4,NonViolence
963,dataset/train/NonViolence/NV_966.mp4,NonViolence
964,dataset/train/NonViolence/NV_967.mp4,NonViolence
965,dataset/train/NonViolence/NV_968.mp4,NonViolence
966,dataset/train/NonViolence/NV_969.mp4,NonViolence
967,dataset/train/NonViolence/NV_97.mp4,NonViolence
968,dataset/train/NonViolence/NV_970.mp4,NonViolence
969,dataset/train/NonViolence/NV_971.mp4,NonViolence
970,dataset/train/NonViolence/NV_972.mp4,NonViolence
971,dataset/train/NonViolence/NV_973.mp4,NonViolence
972,dataset/train/NonViolence/NV_974.mp4,NonViolence
973,dataset/train/NonViolence/NV_975.mp4,NonViolence
974,dataset/train/NonViolence/NV_976.mp4,NonViolence
975,dataset/train/NonViolence/NV_977.mp4,NonViolence
976,dataset/train/NonViolence/NV_978.mp4,NonViolence
977,dataset/train/NonViolence/NV_979.mp4,NonViolence
978,dataset/train/NonViolence/NV_98.mp4,NonViolence
979,dataset/train/NonViolence/NV_980.mp4,NonViolence
980,dataset/train/NonViolence/NV_981.mp4,NonViolence
981,dataset/train/NonViolence/NV_982.mp4,NonViolence
982,dataset/train/NonViolence/NV_983.mp4,NonViolence
983,dataset/train/NonViolence/NV_984.mp4,NonViolence
984,dataset/train/NonViolence/NV_985.mp4,NonViolence
985,dataset/train/NonViolence/NV_986.mp4,NonViolence
986,dataset/train/NonViolence/NV_987.mp4,NonViolence
987,dataset/train/NonViolence/NV_988.mp4,NonViolence
988,dataset/train/NonViolence/NV_989.mp4,NonViolence
989,dataset/train/NonViolence/NV_99.mp4,NonViolence
990,dataset/train/NonViolence/NV_990.mp4,NonViolence
991,dataset/train/NonViolence/NV_991.mp4,NonViolence
992,dataset/train/NonViolence/NV_992.mp4,NonViolence
993,dataset/train/NonViolence/NV_993.mp4,NonViolence
994,dataset/train/NonViolence/NV_994.mp4,NonViolence
995,dataset/train/NonViolence/NV_995.mp4,NonViolence
996,dataset/train/NonViolence/NV_996.mp4,NonViolence
997,dataset/train/NonViolence/NV_997.mp4,NonViolence
998,dataset/train/NonViolence/NV_998.mp4,NonViolence
999,dataset/train/NonViolence/NV_999.mp4,NonViolence
1000,dataset/train/Violence/V_1.mp4,Violence
1001,dataset/train/Violence/V_10.mp4,Violence
1002,dataset/train/Violence/V_100.mp4,Violence
1003,dataset/train/Violence/V_1000.mp4,Violence
1004,dataset/train/Violence/V_101.mp4,Violence
1005,dataset/train/Violence/V_102.mp4,Violence
1006,dataset/train/Violence/V_103.mp4,Violence
1007,dataset/train/Violence/V_104.mp4,Violence
1008,dataset/train/Violence/V_105.mp4,Violence
1009,dataset/train/Violence/V_106.mp4,Violence
1010,dataset/train/Violence/V_107.mp4,Violence
1011,dataset/train/Violence/V_108.mp4,Violence
1012,dataset/train/Violence/V_109.mp4,Violence
1013,dataset/train/Violence/V_11.mp4,Violence
1014,dataset/train/Violence/V_110.mp4,Violence
1015,dataset/train/Violence/V_111.mp4,Violence
1016,dataset/train/Violence/V_112.mp4,Violence
1017,dataset/train/Violence/V_113.mp4,Violence
1018,dataset/train/Violence/V_114.mp4,Violence
1019,dataset/train/Violence/V_115.mp4,Violence
1020,dataset/train/Violence/V_116.mp4,Violence
1021,dataset/train/Violence/V_117.mp4,Violence
1022,dataset/train/Violence/V_118.mp4,Violence
1023,dataset/train/Violence/V_119.mp4,Violence
1024,dataset/train/Violence/V_12.mp4,Violence
1025,dataset/train/Violence/V_120.mp4,Violence
1026,dataset/train/Violence/V_121.mp4,Violence
1027,dataset/train/Violence/V_122.mp4,Violence
1028,dataset/train/Violence/V_123.mp4,Violence
1029,dataset/train/Violence/V_124.mp4,Violence
1030,dataset/train/Violence/V_125.mp4,Violence
1031,dataset/train/Violence/V_126.mp4,Violence
1032,dataset/train/Violence/V_127.mp4,Violence
1033,dataset/train/Violence/V_128.mp4,Violence
1034,dataset/train/Violence/V_129.mp4,Violence
1035,dataset/train/Violence/V_13.mp4,Violence
1036,dataset/train/Violence/V_130.mp4,Violence
1037,dataset/train/Violence/V_131.mp4,Violence
1038,dataset/train/Violence/V_132.mp4,Violence
1039,dataset/train/Violence/V_133.mp4,Violence
1040,dataset/train/Violence/V_134.mp4,Violence
1041,dataset/train/Violence/V_135.mp4,Violence
1042,dataset/train/Violence/V_136.mp4,Violence
1043,dataset/train/Violence/V_137.mp4,Violence
1044,dataset/train/Violence/V_138.mp4,Violence
1045,dataset/train/Violence/V_139.mp4,Violence
1046,dataset/train/Violence/V_14.mp4,Violence
1047,dataset/train/Violence/V_140.mp4,Violence
1048,dataset/train/Violence/V_141.mp4,Violence
1049,dataset/train/Violence/V_142.mp4,Violence
1050,dataset/train/Violence/V_143.mp4,Violence
1051,dataset/train/Violence/V_144.mp4,Violence
1052,dataset/train/Violence/V_145.mp4,Violence
1053,dataset/train/Violence/V_146.mp4,Violence
1054,dataset/train/Violence/V_147.mp4,Violence
1055,dataset/train/Violence/V_148.mp4,Violence
1056,dataset/train/Violence/V_149.mp4,Violence
1057,dataset/train/Violence/V_15.mp4,Violence
1058,dataset/train/Violence/V_150.mp4,Violence
1059,dataset/train/Violence/V_151.mp4,Violence
1060,dataset/train/Violence/V_152.mp4,Violence
1061,dataset/train/Violence/V_153.mp4,Violence
1062,dataset/train/Violence/V_154.mp4,Violence
1063,dataset/train/Violence/V_155.mp4,Violence
1064,dataset/train/Violence/V_156.mp4,Violence
1065,dataset/train/Violence/V_157.mp4,Violence
1066,dataset/train/Violence/V_158.mp4,Violence
1067,dataset/train/Violence/V_159.mp4,Violence
1068,dataset/train/Violence/V_16.mp4,Violence
1069,dataset/train/Violence/V_160.mp4,Violence
1070,dataset/train/Violence/V_161.mp4,Violence
1071,dataset/train/Violence/V_162.mp4,Violence
1072,dataset/train/Violence/V_163.mp4,Violence
1073,dataset/train/Violence/V_164.mp4,Violence
1074,dataset/train/Violence/V_165.mp4,Violence
1075,dataset/train/Violence/V_166.mp4,Violence
1076,dataset/train/Violence/V_167.mp4,Violence
1077,dataset/train/Violence/V_168.mp4,Violence
1078,dataset/train/Violence/V_169.mp4,Violence
1079,dataset/train/Violence/V_17.mp4,Violence
1080,dataset/train/Violence/V_170.mp4,Violence
1081,dataset/train/Violence/V_171.mp4,Violence
1082,dataset/train/Violence/V_172.mp4,Violence
1083,dataset/train/Violence/V_173.mp4,Violence
1084,dataset/train/Violence/V_174.mp4,Violence
1085,dataset/train/Violence/V_175.mp4,Violence
1086,dataset/train/Violence/V_176.mp4,Violence
1087,dataset/train/Violence/V_177.mp4,Violence
1088,dataset/train/Violence/V_178.mp4,Violence
1089,dataset/train/Violence/V_179.mp4,Violence
1090,dataset/train/Violence/V_18.mp4,Violence
1091,dataset/train/Violence/V_180.mp4,Violence
1092,dataset/train/Violence/V_181.mp4,Violence
1093,dataset/train/Violence/V_182.mp4,Violence
1094,dataset/train/Violence/V_183.mp4,Violence
1095,dataset/train/Violence/V_184.mp4,Violence
1096,dataset/train/Violence/V_185.mp4,Violence
1097,dataset/train/Violence/V_186.mp4,Violence
1098,dataset/train/Violence/V_187.mp4,Violence
1099,dataset/train/Violence/V_188.mp4,Violence
1100,dataset/train/Violence/V_189.mp4,Violence
1101,dataset/train/Violence/V_19.mp4,Violence
1102,dataset/train/Violence/V_190.mp4,Violence
1103,dataset/train/Violence/V_191.mp4,Violence
1104,dataset/train/Violence/V_192.mp4,Violence
1105,dataset/train/Violence/V_193.mp4,Violence
1106,dataset/train/Violence/V_194.mp4,Violence
1107,dataset/train/Violence/V_195.mp4,Violence
1108,dataset/train/Violence/V_196.mp4,Violence
1109,dataset/train/Violence/V_197.mp4,Violence
1110,dataset/train/Violence/V_198.mp4,Violence
1111,dataset/train/Violence/V_199.mp4,Violence
1112,dataset/train/Violence/V_2.mp4,Violence
1113,dataset/train/Violence/V_20.mp4,Violence
1114,dataset/train/Violence/V_200.mp4,Violence
1115,dataset/train/Violence/V_201.mp4,Violence
1116,dataset/train/Violence/V_202.mp4,Violence
1117,dataset/train/Violence/V_203.mp4,Violence
1118,dataset/train/Violence/V_204.mp4,Violence
1119,dataset/train/Violence/V_205.mp4,Violence
1120,dataset/train/Violence/V_206.mp4,Violence
1121,dataset/train/Violence/V_207.mp4,Violence
1122,dataset/train/Violence/V_208.mp4,Violence
1123,dataset/train/Violence/V_209.mp4,Violence
1124,dataset/train/Violence/V_21.mp4,Violence
1125,dataset/train/Violence/V_210.mp4,Violence
1126,dataset/train/Violence/V_211.mp4,Violence
1127,dataset/train/Violence/V_212.mp4,Violence
1128,dataset/train/Violence/V_213.mp4,Violence
1129,dataset/train/Violence/V_214.mp4,Violence
1130,dataset/train/Violence/V_215.mp4,Violence
1131,dataset/train/Violence/V_216.mp4,Violence
1132,dataset/train/Violence/V_217.mp4,Violence
1133,dataset/train/Violence/V_218.mp4,Violence
1134,dataset/train/Violence/V_219.mp4,Violence
1135,dataset/train/Violence/V_22.mp4,Violence
1136,dataset/train/Violence/V_220.mp4,Violence
1137,dataset/train/Violence/V_221.mp4,Violence
1138,dataset/train/Violence/V_222.mp4,Violence
1139,dataset/train/Violence/V_223.mp4,Violence
1140,dataset/train/Violence/V_224.mp4,Violence
1141,dataset/train/Violence/V_225.mp4,Violence
1142,dataset/train/Violence/V_226.mp4,Violence
1143,dataset/train/Violence/V_227.mp4,Violence
1144,dataset/train/Violence/V_228.mp4,Violence
1145,dataset/train/Violence/V_229.mp4,Violence
1146,dataset/train/Violence/V_23.mp4,Violence
1147,dataset/train/Violence/V_230.mp4,Violence
1148,dataset/train/Violence/V_231.mp4,Violence
1149,dataset/train/Violence/V_232.mp4,Violence
1150,dataset/train/Violence/V_233.mp4,Violence
1151,dataset/train/Violence/V_234.mp4,Violence
1152,dataset/train/Violence/V_235.mp4,Violence
1153,dataset/train/Violence/V_236.mp4,Violence
1154,dataset/train/Violence/V_237.mp4,Violence
1155,dataset/train/Violence/V_238.mp4,Violence
1156,dataset/train/Violence/V_239.mp4,Violence
1157,dataset/train/Violence/V_24.mp4,Violence
1158,dataset/train/Violence/V_240.mp4,Violence
1159,dataset/train/Violence/V_241.mp4,Violence
1160,dataset/train/Violence/V_242.mp4,Violence
1161,dataset/train/Violence/V_243.mp4,Violence
1162,dataset/train/Violence/V_244.mp4,Violence
1163,dataset/train/Violence/V_245.mp4,Violence
1164,dataset/train/Violence/V_246.mp4,Violence
1165,dataset/train/Violence/V_247.mp4,Violence
1166,dataset/train/Violence/V_248.mp4,Violence
1167,dataset/train/Violence/V_249.mp4,Violence
1168,dataset/train/Violence/V_25.mp4,Violence
1169,dataset/train/Violence/V_250.mp4,Violence
1170,dataset/train/Violence/V_251.mp4,Violence
1171,dataset/train/Violence/V_252.mp4,Violence
1172,dataset/train/Violence/V_253.mp4,Violence
1173,dataset/train/Violence/V_254.mp4,Violence
1174,dataset/train/Violence/V_255.mp4,Violence
1175,dataset/train/Violence/V_256.mp4,Violence
1176,dataset/train/Violence/V_257.mp4,Violence
1177,dataset/train/Violence/V_258.mp4,Violence
1178,dataset/train/Violence/V_259.mp4,Violence
1179,dataset/train/Violence/V_26.mp4,Violence
1180,dataset/train/Violence/V_260.mp4,Violence
1181,dataset/train/Violence/V_261.mp4,Violence
1182,dataset/train/Violence/V_262.mp4,Violence
1183,dataset/train/Violence/V_263.mp4,Violence
1184,dataset/train/Violence/V_264.mp4,Violence
1185,dataset/train/Violence/V_265.mp4,Violence
1186,dataset/train/Violence/V_266.mp4,Violence
1187,dataset/train/Violence/V_267.mp4,Violence
1188,dataset/train/Violence/V_268.mp4,Violence
1189,dataset/train/Violence/V_269.mp4,Violence
1190,dataset/train/Violence/V_27.mp4,Violence
1191,dataset/train/Violence/V_270.mp4,Violence
1192,dataset/train/Violence/V_271.mp4,Violence
1193,dataset/train/Violence/V_272.mp4,Violence
1194,dataset/train/Violence/V_273.mp4,Violence
1195,dataset/train/Violence/V_274.mp4,Violence
1196,dataset/train/Violence/V_275.mp4,Violence
1197,dataset/train/Violence/V_276.mp4,Violence
1198,dataset/train/Violence/V_277.mp4,Violence
1199,dataset/train/Violence/V_278.mp4,Violence
1200,dataset/train/Violence/V_279.mp4,Violence
1201,dataset/train/Violence/V_28.mp4,Violence
1202,dataset/train/Violence/V_280.mp4,Violence
1203,dataset/train/Violence/V_281.mp4,Violence
1204,dataset/train/Violence/V_282.mp4,Violence
1205,dataset/train/Violence/V_283.mp4,Violence
1206,dataset/train/Violence/V_284.mp4,Violence
1207,dataset/train/Violence/V_285.mp4,Violence
1208,dataset/train/Violence/V_286.mp4,Violence
1209,dataset/train/Violence/V_287.mp4,Violence
1210,dataset/train/Violence/V_288.mp4,Violence
1211,dataset/train/Violence/V_289.mp4,Violence
1212,dataset/train/Violence/V_29.mp4,Violence
1213,dataset/train/Violence/V_290.mp4,Violence
1214,dataset/train/Violence/V_291.mp4,Violence
1215,dataset/train/Violence/V_292.mp4,Violence
1216,dataset/train/Violence/V_293.mp4,Violence
1217,dataset/train/Violence/V_294.mp4,Violence
1218,dataset/train/Violence/V_295.mp4,Violence
1219,dataset/train/Violence/V_296.mp4,Violence
1220,dataset/train/Violence/V_297.mp4,Violence
1221,dataset/train/Violence/V_298.mp4,Violence
1222,dataset/train/Violence/V_299.mp4,Violence
1223,dataset/train/Violence/V_3.mp4,Violence
1224,dataset/train/Violence/V_30.mp4,Violence
1225,dataset/train/Violence/V_300.mp4,Violence
1226,dataset/train/Violence/V_301.mp4,Violence
1227,dataset/train/Violence/V_302.mp4,Violence
1228,dataset/train/Violence/V_303.mp4,Violence
1229,dataset/train/Violence/V_304.mp4,Violence
1230,dataset/train/Violence/V_305.mp4,Violence
1231,dataset/train/Violence/V_306.mp4,Violence
1232,dataset/train/Violence/V_307.mp4,Violence
1233,dataset/train/Violence/V_308.mp4,Violence
1234,dataset/train/Violence/V_309.mp4,Violence
1235,dataset/train/Violence/V_31.mp4,Violence
1236,dataset/train/Violence/V_310.mp4,Violence
1237,dataset/train/Violence/V_311.mp4,Violence
1238,dataset/train/Violence/V_312.mp4,Violence
1239,dataset/train/Violence/V_313.mp4,Violence
1240,dataset/train/Violence/V_314.mp4,Violence
1241,dataset/train/Violence/V_315.mp4,Violence
1242,dataset/train/Violence/V_316.mp4,Violence
1243,dataset/train/Violence/V_317.mp4,Violence
1244,dataset/train/Violence/V_318.mp4,Violence
1245,dataset/train/Violence/V_319.mp4,Violence
1246,dataset/train/Violence/V_32.mp4,Violence
1247,dataset/train/Violence/V_320.mp4,Violence
1248,dataset/train/Violence/V_321.mp4,Violence
1249,dataset/train/Violence/V_322.mp4,Violence
1250,dataset/train/Violence/V_323.mp4,Violence
1251,dataset/train/Violence/V_324.mp4,Violence
1252,dataset/train/Violence/V_325.mp4,Violence
1253,dataset/train/Violence/V_326.mp4,Violence
1254,dataset/train/Violence/V_327.mp4,Violence
1255,dataset/train/Violence/V_328.mp4,Violence
1256,dataset/train/Violence/V_329.mp4,Violence
1257,dataset/train/Violence/V_33.mp4,Violence
1258,dataset/train/Violence/V_330.mp4,Violence
1259,dataset/train/Violence/V_331.mp4,Violence
1260,dataset/train/Violence/V_332.mp4,Violence
1261,dataset/train/Violence/V_333.mp4,Violence
1262,dataset/train/Violence/V_334.mp4,Violence
1263,dataset/train/Violence/V_335.mp4,Violence
1264,dataset/train/Violence/V_336.mp4,Violence
1265,dataset/train/Violence/V_337.mp4,Violence
1266,dataset/train/Violence/V_338.mp4,Violence
1267,dataset/train/Violence/V_339.mp4,Violence
1268,dataset/train/Violence/V_34.mp4,Violence
1269,dataset/train/Violence/V_340.mp4,Violence
1270,dataset/train/Violence/V_341.mp4,Violence
1271,dataset/train/Violence/V_342.mp4,Violence
1272,dataset/train/Violence/V_343.mp4,Violence
1273,dataset/train/Violence/V_344.mp4,Violence
1274,dataset/train/Violence/V_345.mp4,Violence
1275,dataset/train/Violence/V_346.mp4,Violence
1276,dataset/train/Violence/V_347.mp4,Violence
1277,dataset/train/Violence/V_348.mp4,Violence
1278,dataset/train/Violence/V_349.mp4,Violence
1279,dataset/train/Violence/V_35.mp4,Violence
1280,dataset/train/Violence/V_350.mp4,Violence
1281,dataset/train/Violence/V_351.mp4,Violence
1282,dataset/train/Violence/V_352.mp4,Violence
1283,dataset/train/Violence/V_353.mp4,Violence
1284,dataset/train/Violence/V_354.mp4,Violence
1285,dataset/train/Violence/V_355.mp4,Violence
1286,dataset/train/Violence/V_356.mp4,Violence
1287,dataset/train/Violence/V_357.mp4,Violence
1288,dataset/train/Violence/V_358.mp4,Violence
1289,dataset/train/Violence/V_359.mp4,Violence
1290,dataset/train/Violence/V_36.mp4,Violence
1291,dataset/train/Violence/V_360.mp4,Violence
1292,dataset/train/Violence/V_361.mp4,Violence
1293,dataset/train/Violence/V_362.mp4,Violence
1294,dataset/train/Violence/V_363.mp4,Violence
1295,dataset/train/Violence/V_364.mp4,Violence
1296,dataset/train/Violence/V_365.mp4,Violence
1297,dataset/train/Violence/V_366.mp4,Violence
1298,dataset/train/Violence/V_367.mp4,Violence
1299,dataset/train/Violence/V_368.mp4,Violence
1300,dataset/train/Violence/V_369.mp4,Violence
1301,dataset/train/Violence/V_37.mp4,Violence
1302,dataset/train/Violence/V_370.mp4,Violence
1303,dataset/train/Violence/V_371.mp4,Violence
1304,dataset/train/Violence/V_372.mp4,Violence
1305,dataset/train/Violence/V_373.mp4,Violence
1306,dataset/train/Violence/V_374.mp4,Violence
1307,dataset/train/Violence/V_375.mp4,Violence
1308,dataset/train/Violence/V_376.mp4,Violence
1309,dataset/train/Violence/V_377.mp4,Violence
1310,dataset/train/Violence/V_378.mp4,Violence
1311,dataset/train/Violence/V_379.mp4,Violence
1312,dataset/train/Violence/V_38.mp4,Violence
1313,dataset/train/Violence/V_380.mp4,Violence
1314,dataset/train/Violence/V_381.mp4,Violence
1315,dataset/train/Violence/V_382.mp4,Violence
1316,dataset/train/Violence/V_383.mp4,Violence
1317,dataset/train/Violence/V_384.mp4,Violence
1318,dataset/train/Violence/V_385.mp4,Violence
1319,dataset/train/Violence/V_386.mp4,Violence
1320,dataset/train/Violence/V_387.mp4,Violence
1321,dataset/train/Violence/V_388.mp4,Violence
1322,dataset/train/Violence/V_389.mp4,Violence
1323,dataset/train/Violence/V_39.mp4,Violence
1324,dataset/train/Violence/V_390.mp4,Violence
1325,dataset/train/Violence/V_391.mp4,Violence
1326,dataset/train/Violence/V_392.mp4,Violence
1327,dataset/train/Violence/V_393.mp4,Violence
1328,dataset/train/Violence/V_394.mp4,Violence
1329,dataset/train/Violence/V_395.mp4,Violence
1330,dataset/train/Violence/V_396.mp4,Violence
1331,dataset/train/Violence/V_397.mp4,Violence
1332,dataset/train/Violence/V_398.mp4,Violence
1333,dataset/train/Violence/V_399.mp4,Violence
1334,dataset/train/Violence/V_4.mp4,Violence
1335,dataset/train/Violence/V_40.mp4,Violence
1336,dataset/train/Violence/V_400.mp4,Violence
1337,dataset/train/Violence/V_401.mp4,Violence
1338,dataset/train/Violence/V_402.mp4,Violence
1339,dataset/train/Violence/V_403.mp4,Violence
1340,dataset/train/Violence/V_404.mp4,Violence
1341,dataset/train/Violence/V_405.mp4,Violence
1342,dataset/train/Violence/V_406.mp4,Violence
1343,dataset/train/Violence/V_407.mp4,Violence
1344,dataset/train/Violence/V_408.mp4,Violence
1345,dataset/train/Violence/V_409.mp4,Violence
1346,dataset/train/Violence/V_41.mp4,Violence
1347,dataset/train/Violence/V_410.mp4,Violence
1348,dataset/train/Violence/V_411.mp4,Violence
1349,dataset/train/Violence/V_412.mp4,Violence
1350,dataset/train/Violence/V_413.mp4,Violence
1351,dataset/train/Violence/V_414.mp4,Violence
1352,dataset/train/Violence/V_415.mp4,Violence
1353,dataset/train/Violence/V_416.mp4,Violence
1354,dataset/train/Violence/V_417.mp4,Violence
1355,dataset/train/Violence/V_418.mp4,Violence
1356,dataset/train/Violence/V_419.mp4,Violence
1357,dataset/train/Violence/V_42.mp4,Violence
1358,dataset/train/Violence/V_420.mp4,Violence
1359,dataset/train/Violence/V_421.mp4,Violence
1360,dataset/train/Violence/V_422.mp4,Violence
1361,dataset/train/Violence/V_423.mp4,Violence
1362,dataset/train/Violence/V_424.mp4,Violence
1363,dataset/train/Violence/V_425.mp4,Violence
1364,dataset/train/Violence/V_426.mp4,Violence
1365,dataset/train/Violence/V_427.mp4,Violence
1366,dataset/train/Violence/V_428.mp4,Violence
1367,dataset/train/Violence/V_429.mp4,Violence
1368,dataset/train/Violence/V_43.mp4,Violence
1369,dataset/train/Violence/V_430.mp4,Violence
1370,dataset/train/Violence/V_431.mp4,Violence
1371,dataset/train/Violence/V_432.mp4,Violence
1372,dataset/train/Violence/V_433.mp4,Violence
1373,dataset/train/Violence/V_434.mp4,Violence
1374,dataset/train/Violence/V_435.mp4,Violence
1375,dataset/train/Violence/V_436.mp4,Violence
1376,dataset/train/Violence/V_437.mp4,Violence
1377,dataset/train/Violence/V_438.mp4,Violence
1378,dataset/train/Violence/V_439.mp4,Violence
1379,dataset/train/Violence/V_44.mp4,Violence
1380,dataset/train/Violence/V_440.mp4,Violence
1381,dataset/train/Violence/V_441.mp4,Violence
1382,dataset/train/Violence/V_442.mp4,Violence
1383,dataset/train/Violence/V_443.mp4,Violence
1384,dataset/train/Violence/V_444.mp4,Violence
1385,dataset/train/Violence/V_445.mp4,Violence
1386,dataset/train/Violence/V_446.mp4,Violence
1387,dataset/train/Violence/V_447.mp4,Violence
1388,dataset/train/Violence/V_448.mp4,Violence
1389,dataset/train/Violence/V_449.mp4,Violence
1390,dataset/train/Violence/V_45.mp4,Violence
1391,dataset/train/Violence/V_450.mp4,Violence
1392,dataset/train/Violence/V_451.mp4,Violence
1393,dataset/train/Violence/V_452.mp4,Violence
1394,dataset/train/Violence/V_453.mp4,Violence
1395,dataset/train/Violence/V_454.mp4,Violence
1396,dataset/train/Violence/V_455.mp4,Violence
1397,dataset/train/Violence/V_456.mp4,Violence
1398,dataset/train/Violence/V_457.mp4,Violence
1399,dataset/train/Violence/V_458.mp4,Violence
1400,dataset/train/Violence/V_459.mp4,Violence
1401,dataset/train/Violence/V_46.mp4,Violence
1402,dataset/train/Violence/V_460.mp4,Violence
1403,dataset/train/Violence/V_461.mp4,Violence
1404,dataset/train/Violence/V_462.mp4,Violence
1405,dataset/train/Violence/V_463.mp4,Violence
1406,dataset/train/Violence/V_464.mp4,Violence
1407,dataset/train/Violence/V_465.mp4,Violence
1408,dataset/train/Violence/V_466.mp4,Violence
1409,dataset/train/Violence/V_467.mp4,Violence
1410,dataset/train/Violence/V_468.mp4,Violence
1411,dataset/train/Violence/V_469.mp4,Violence
1412,dataset/train/Violence/V_47.mp4,Violence
1413,dataset/train/Violence/V_470.mp4,Violence
1414,dataset/train/Violence/V_471.mp4,Violence
1415,dataset/train/Violence/V_472.mp4,Violence
1416,dataset/train/Violence/V_473.mp4,Violence
1417,dataset/train/Violence/V_474.mp4,Violence
1418,dataset/train/Violence/V_475.mp4,Violence
1419,dataset/train/Violence/V_476.mp4,Violence
1420,dataset/train/Violence/V_477.mp4,Violence
1421,dataset/train/Violence/V_478.mp4,Violence
1422,dataset/train/Violence/V_479.mp4,Violence
1423,dataset/train/Violence/V_48.mp4,Violence
1424,dataset/train/Violence/V_480.mp4,Violence
1425,dataset/train/Violence/V_481.mp4,Violence
1426,dataset/train/Violence/V_482.mp4,Violence
1427,dataset/train/Violence/V_483.mp4,Violence
1428,dataset/train/Violence/V_484.mp4,Violence
1429,dataset/train/Violence/V_485.mp4,Violence
1430,dataset/train/Violence/V_486.mp4,Violence
1431,dataset/train/Violence/V_487.mp4,Violence
1432,dataset/train/Violence/V_488.mp4,Violence
1433,dataset/train/Violence/V_489.mp4,Violence
1434,dataset/train/Violence/V_49.mp4,Violence
1435,dataset/train/Violence/V_490.mp4,Violence
1436,dataset/train/Violence/V_491.mp4,Violence
1437,dataset/train/Violence/V_492.mp4,Violence
1438,dataset/train/Violence/V_493.mp4,Violence
1439,dataset/train/Violence/V_494.mp4,Violence
1440,dataset/train/Violence/V_495.mp4,Violence
1441,dataset/train/Violence/V_496.mp4,Violence
1442,dataset/train/Violence/V_497.mp4,Violence
1443,dataset/train/Violence/V_498.mp4,Violence
1444,dataset/train/Violence/V_499.mp4,Violence
1445,dataset/train/Violence/V_5.mp4,Violence
1446,dataset/train/Violence/V_50.mp4,Violence
1447,dataset/train/Violence/V_500.mp4,Violence
1448,dataset/train/Violence/V_501.mp4,Violence
1449,dataset/train/Violence/V_502.mp4,Violence
1450,dataset/train/Violence/V_503.mp4,Violence
1451,dataset/train/Violence/V_504.mp4,Violence
1452,dataset/train/Violence/V_505.mp4,Violence
1453,dataset/train/Violence/V_506.mp4,Violence
1454,dataset/train/Violence/V_507.mp4,Violence
1455,dataset/train/Violence/V_508.mp4,Violence
1456,dataset/train/Violence/V_509.mp4,Violence
1457,dataset/train/Violence/V_51.mp4,Violence
1458,dataset/train/Violence/V_510.mp4,Violence
1459,dataset/train/Violence/V_511.mp4,Violence
1460,dataset/train/Violence/V_512.mp4,Violence
1461,dataset/train/Violence/V_513.mp4,Violence
1462,dataset/train/Violence/V_514.mp4,Violence
1463,dataset/train/Violence/V_515.mp4,Violence
1464,dataset/train/Violence/V_516.mp4,Violence
1465,dataset/train/Violence/V_517.mp4,Violence
1466,dataset/train/Violence/V_518.mp4,Violence
1467,dataset/train/Violence/V_519.mp4,Violence
1468,dataset/train/Violence/V_52.mp4,Violence
1469,dataset/train/Violence/V_520.mp4,Violence
1470,dataset/train/Violence/V_521.mp4,Violence
1471,dataset/train/Violence/V_522.mp4,Violence
1472,dataset/train/Violence/V_523.mp4,Violence
1473,dataset/train/Violence/V_524.mp4,Violence
1474,dataset/train/Violence/V_525.mp4,Violence
1475,dataset/train/Violence/V_526.mp4,Violence
1476,dataset/train/Violence/V_527.mp4,Violence
1477,dataset/train/Violence/V_528.mp4,Violence
1478,dataset/train/Violence/V_529.mp4,Violence
1479,dataset/train/Violence/V_53.mp4,Violence
1480,dataset/train/Violence/V_530.mp4,Violence
1481,dataset/train/Violence/V_531.mp4,Violence
1482,dataset/train/Violence/V_532.mp4,Violence
1483,dataset/train/Violence/V_533.mp4,Violence
1484,dataset/train/Violence/V_534.mp4,Violence
1485,dataset/train/Violence/V_535.mp4,Violence
1486,dataset/train/Violence/V_536.mp4,Violence
1487,dataset/train/Violence/V_537.mp4,Violence
1488,dataset/train/Violence/V_538.mp4,Violence
1489,dataset/train/Violence/V_539.mp4,Violence
1490,dataset/train/Violence/V_54.mp4,Violence
1491,dataset/train/Violence/V_540.mp4,Violence
1492,dataset/train/Violence/V_541.mp4,Violence
1493,dataset/train/Violence/V_542.mp4,Violence
1494,dataset/train/Violence/V_543.mp4,Violence
1495,dataset/train/Violence/V_544.mp4,Violence
1496,dataset/train/Violence/V_545.mp4,Violence
1497,dataset/train/Violence/V_546.mp4,Violence
1498,dataset/train/Violence/V_547.mp4,Violence
1499,dataset/train/Violence/V_548.mp4,Violence
1500,dataset/train/Violence/V_549.mp4,Violence
1501,dataset/train/Violence/V_55.mp4,Violence
1502,dataset/train/Violence/V_550.mp4,Violence
1503,dataset/train/Violence/V_551.mp4,Violence
1504,dataset/train/Violence/V_552.mp4,Violence
1505,dataset/train/Violence/V_553.mp4,Violence
1506,dataset/train/Violence/V_554.mp4,Violence
1507,dataset/train/Violence/V_555.mp4,Violence
1508,dataset/train/Violence/V_556.mp4,Violence
1509,dataset/train/Violence/V_557.mp4,Violence
1510,dataset/train/Violence/V_558.mp4,Violence
1511,dataset/train/Violence/V_559.mp4,Violence
1512,dataset/train/Violence/V_56.mp4,Violence
1513,dataset/train/Violence/V_560.mp4,Violence
1514,dataset/train/Violence/V_561.mp4,Violence
1515,dataset/train/Violence/V_562.mp4,Violence
1516,dataset/train/Violence/V_563.mp4,Violence
1517,dataset/train/Violence/V_564.mp4,Violence
1518,dataset/train/Violence/V_565.mp4,Violence
1519,dataset/train/Violence/V_566.mp4,Violence
1520,dataset/train/Violence/V_567.mp4,Violence
1521,dataset/train/Violence/V_568.mp4,Violence
1522,dataset/train/Violence/V_569.mp4,Violence
1523,dataset/train/Violence/V_57.mp4,Violence
1524,dataset/train/Violence/V_570.mp4,Violence
1525,dataset/train/Violence/V_571.mp4,Violence
1526,dataset/train/Violence/V_572.mp4,Violence
1527,dataset/train/Violence/V_573.mp4,Violence
1528,dataset/train/Violence/V_574.mp4,Violence
1529,dataset/train/Violence/V_575.mp4,Violence
1530,dataset/train/Violence/V_576.mp4,Violence
1531,dataset/train/Violence/V_577.mp4,Violence
1532,dataset/train/Violence/V_578.mp4,Violence
1533,dataset/train/Violence/V_579.mp4,Violence
1534,dataset/train/Violence/V_58.mp4,Violence
1535,dataset/train/Violence/V_580.mp4,Violence
1536,dataset/train/Violence/V_581.mp4,Violence
1537,dataset/train/Violence/V_582.mp4,Violence
1538,dataset/train/Violence/V_583.mp4,Violence
1539,dataset/train/Violence/V_584.mp4,Violence
1540,dataset/train/Violence/V_585.mp4,Violence
1541,dataset/train/Violence/V_586.mp4,Violence
1542,dataset/train/Violence/V_587.mp4,Violence
1543,dataset/train/Violence/V_588.mp4,Violence
1544,dataset/train/Violence/V_589.mp4,Violence
1545,dataset/train/Violence/V_59.mp4,Violence
1546,dataset/train/Violence/V_590.mp4,Violence
1547,dataset/train/Violence/V_591.mp4,Violence
1548,dataset/train/Violence/V_592.mp4,Violence
1549,dataset/train/Violence/V_593.mp4,Violence
1550,dataset/train/Violence/V_594.mp4,Violence
1551,dataset/train/Violence/V_595.mp4,Violence
1552,dataset/train/Violence/V_596.mp4,Violence
1553,dataset/train/Violence/V_597.mp4,Violence
1554,dataset/train/Violence/V_598.mp4,Violence
1555,dataset/train/Violence/V_599.mp4,Violence
1556,dataset/train/Violence/V_6.mp4,Violence
1557,dataset/train/Violence/V_60.mp4,Violence
1558,dataset/train/Violence/V_600.mp4,Violence
1559,dataset/train/Violence/V_601.mp4,Violence
1560,dataset/train/Violence/V_602.mp4,Violence
1561,dataset/train/Violence/V_603.mp4,Violence
1562,dataset/train/Violence/V_604.mp4,Violence
1563,dataset/train/Violence/V_605.mp4,Violence
1564,dataset/train/Violence/V_606.mp4,Violence
1565,dataset/train/Violence/V_607.mp4,Violence
1566,dataset/train/Violence/V_608.mp4,Violence
1567,dataset/train/Violence/V_609.mp4,Violence
1568,dataset/train/Violence/V_61.mp4,Violence
1569,dataset/train/Violence/V_610.mp4,Violence
1570,dataset/train/Violence/V_611.mp4,Violence
1571,dataset/train/Violence/V_612.mp4,Violence
1572,dataset/train/Violence/V_613.mp4,Violence
1573,dataset/train/Violence/V_614.mp4,Violence
1574,dataset/train/Violence/V_615.mp4,Violence
1575,dataset/train/Violence/V_616.mp4,Violence
1576,dataset/train/Violence/V_617.mp4,Violence
1577,dataset/train/Violence/V_618.mp4,Violence
1578,dataset/train/Violence/V_619.mp4,Violence
1579,dataset/train/Violence/V_62.mp4,Violence
1580,dataset/train/Violence/V_620.mp4,Violence
1581,dataset/train/Violence/V_621.mp4,Violence
1582,dataset/train/Violence/V_622.mp4,Violence
1583,dataset/train/Violence/V_623.mp4,Violence
1584,dataset/train/Violence/V_624.mp4,Violence
1585,dataset/train/Violence/V_625.mp4,Violence
1586,dataset/train/Violence/V_626.mp4,Violence
1587,dataset/train/Violence/V_627.mp4,Violence
1588,dataset/train/Violence/V_628.mp4,Violence
1589,dataset/train/Violence/V_629.mp4,Violence
1590,dataset/train/Violence/V_63.mp4,Violence
1591,dataset/train/Violence/V_630.mp4,Violence
1592,dataset/train/Violence/V_631.mp4,Violence
1593,dataset/train/Violence/V_632.mp4,Violence
1594,dataset/train/Violence/V_633.mp4,Violence
1595,dataset/train/Violence/V_634.mp4,Violence
1596,dataset/train/Violence/V_635.mp4,Violence
1597,dataset/train/Violence/V_636.mp4,Violence
1598,dataset/train/Violence/V_637.mp4,Violence
1599,dataset/train/Violence/V_638.mp4,Violence
1600,dataset/train/Violence/V_639.mp4,Violence
1601,dataset/train/Violence/V_64.mp4,Violence
1602,dataset/train/Violence/V_640.mp4,Violence
1603,dataset/train/Violence/V_641.mp4,Violence
1604,dataset/train/Violence/V_642.mp4,Violence
1605,dataset/train/Violence/V_643.mp4,Violence
1606,dataset/train/Violence/V_644.mp4,Violence
1607,dataset/train/Violence/V_645.mp4,Violence
1608,dataset/train/Violence/V_646.mp4,Violence
1609,dataset/train/Violence/V_647.mp4,Violence
1610,dataset/train/Violence/V_648.mp4,Violence
1611,dataset/train/Violence/V_649.mp4,Violence
1612,dataset/train/Violence/V_65.mp4,Violence
1613,dataset/train/Violence/V_650.mp4,Violence
1614,dataset/train/Violence/V_651.mp4,Violence
1615,dataset/train/Violence/V_652.mp4,Violence
1616,dataset/train/Violence/V_653.mp4,Violence
1617,dataset/train/Violence/V_654.mp4,Violence
1618,dataset/train/Violence/V_655.mp4,Violence
1619,dataset/train/Violence/V_656.mp4,Violence
1620,dataset/train/Violence/V_657.mp4,Violence
1621,dataset/train/Violence/V_658.mp4,Violence
1622,dataset/train/Violence/V_659.mp4,Violence
1623,dataset/train/Violence/V_66.mp4,Violence
1624,dataset/train/Violence/V_660.mp4,Violence
1625,dataset/train/Violence/V_661.mp4,Violence
1626,dataset/train/Violence/V_662.mp4,Violence
1627,dataset/train/Violence/V_663.mp4,Violence
1628,dataset/train/Violence/V_664.mp4,Violence
1629,dataset/train/Violence/V_665.mp4,Violence
1630,dataset/train/Violence/V_666.mp4,Violence
1631,dataset/train/Violence/V_667.mp4,Violence
1632,dataset/train/Violence/V_668.mp4,Violence
1633,dataset/train/Violence/V_669.mp4,Violence
1634,dataset/train/Violence/V_67.mp4,Violence
1635,dataset/train/Violence/V_670.mp4,Violence
1636,dataset/train/Violence/V_671.mp4,Violence
1637,dataset/train/Violence/V_672.mp4,Violence
1638,dataset/train/Violence/V_673.mp4,Violence
1639,dataset/train/Violence/V_674.mp4,Violence
1640,dataset/train/Violence/V_675.mp4,Violence
1641,dataset/train/Violence/V_676.mp4,Violence
1642,dataset/train/Violence/V_677.mp4,Violence
1643,dataset/train/Violence/V_678.mp4,Violence
1644,dataset/train/Violence/V_679.mp4,Violence
1645,dataset/train/Violence/V_68.mp4,Violence
1646,dataset/train/Violence/V_680.mp4,Violence
1647,dataset/train/Violence/V_681.mp4,Violence
1648,dataset/train/Violence/V_682.mp4,Violence
1649,dataset/train/Violence/V_683.mp4,Violence
1650,dataset/train/Violence/V_684.mp4,Violence
1651,dataset/train/Violence/V_685.mp4,Violence
1652,dataset/train/Violence/V_686.mp4,Violence
1653,dataset/train/Violence/V_687.mp4,Violence
1654,dataset/train/Violence/V_688.mp4,Violence
1655,dataset/train/Violence/V_689.mp4,Violence
1656,dataset/train/Violence/V_69.mp4,Violence
1657,dataset/train/Violence/V_690.mp4,Violence
1658,dataset/train/Violence/V_691.mp4,Violence
1659,dataset/train/Violence/V_692.mp4,Violence
1660,dataset/train/Violence/V_693.mp4,Violence
1661,dataset/train/Violence/V_694.mp4,Violence
1662,dataset/train/Violence/V_695.mp4,Violence
1663,dataset/train/Violence/V_696.mp4,Violence
1664,dataset/train/Violence/V_697.mp4,Violence
1665,dataset/train/Violence/V_698.mp4,Violence
1666,dataset/train/Violence/V_699.mp4,Violence
1667,dataset/train/Violence/V_7.mp4,Violence
1668,dataset/train/Violence/V_70.mp4,Violence
1669,dataset/train/Violence/V_700.mp4,Violence
1670,dataset/train/Violence/V_701.mp4,Violence
1671,dataset/train/Violence/V_702.mp4,Violence
1672,dataset/train/Violence/V_703.mp4,Violence
1673,dataset/train/Violence/V_704.mp4,Violence
1674,dataset/train/Violence/V_705.mp4,Violence
1675,dataset/train/Violence/V_706.mp4,Violence
1676,dataset/train/Violence/V_707.mp4,Violence
1677,dataset/train/Violence/V_708.mp4,Violence
1678,dataset/train/Violence/V_709.mp4,Violence
1679,dataset/train/Violence/V_71.mp4,Violence
1680,dataset/train/Violence/V_710.mp4,Violence
1681,dataset/train/Violence/V_711.mp4,Violence
1682,dataset/train/Violence/V_712.mp4,Violence
1683,dataset/train/Violence/V_713.mp4,Violence
1684,dataset/train/Violence/V_714.mp4,Violence
1685,dataset/train/Violence/V_715.mp4,Violence
1686,dataset/train/Violence/V_716.mp4,Violence
1687,dataset/train/Violence/V_717.mp4,Violence
1688,dataset/train/Violence/V_718.mp4,Violence
1689,dataset/train/Violence/V_719.mp4,Violence
1690,dataset/train/Violence/V_72.mp4,Violence
1691,dataset/train/Violence/V_720.mp4,Violence
1692,dataset/train/Violence/V_721.mp4,Violence
1693,dataset/train/Violence/V_722.mp4,Violence
1694,dataset/train/Violence/V_723.mp4,Violence
1695,dataset/train/Violence/V_724.mp4,Violence
1696,dataset/train/Violence/V_725.mp4,Violence
1697,dataset/train/Violence/V_726.mp4,Violence
1698,dataset/train/Violence/V_727.mp4,Violence
1699,dataset/train/Violence/V_728.mp4,Violence
1700,dataset/train/Violence/V_729.mp4,Violence
1701,dataset/train/Violence/V_73.mp4,Violence
1702,dataset/train/Violence/V_730.mp4,Violence
1703,dataset/train/Violence/V_731.mp4,Violence
1704,dataset/train/Violence/V_732.mp4,Violence
1705,dataset/train/Violence/V_733.mp4,Violence
1706,dataset/train/Violence/V_734.mp4,Violence
1707,dataset/train/Violence/V_735.mp4,Violence
1708,dataset/train/Violence/V_736.mp4,Violence
1709,dataset/train/Violence/V_737.mp4,Violence
1710,dataset/train/Violence/V_738.mp4,Violence
1711,dataset/train/Violence/V_739.mp4,Violence
1712,dataset/train/Violence/V_74.mp4,Violence
1713,dataset/train/Violence/V_740.mp4,Violence
1714,dataset/train/Violence/V_741.mp4,Violence
1715,dataset/train/Violence/V_742.mp4,Violence
1716,dataset/train/Violence/V_743.mp4,Violence
1717,dataset/train/Violence/V_744.mp4,Violence
1718,dataset/train/Violence/V_745.mp4,Violence
1719,dataset/train/Violence/V_746.mp4,Violence
1720,dataset/train/Violence/V_747.mp4,Violence
1721,dataset/train/Violence/V_748.mp4,Violence
1722,dataset/train/Violence/V_749.mp4,Violence
1723,dataset/train/Violence/V_75.mp4,Violence
1724,dataset/train/Violence/V_750.mp4,Violence
1725,dataset/train/Violence/V_751.mp4,Violence
1726,dataset/train/Violence/V_752.mp4,Violence
1727,dataset/train/Violence/V_753.mp4,Violence
1728,dataset/train/Violence/V_754.mp4,Violence
1729,dataset/train/Violence/V_755.mp4,Violence
1730,dataset/train/Violence/V_756.mp4,Violence
1731,dataset/train/Violence/V_757.mp4,Violence
1732,dataset/train/Violence/V_758.mp4,Violence
1733,dataset/train/Violence/V_759.mp4,Violence
1734,dataset/train/Violence/V_76.mp4,Violence
1735,dataset/train/Violence/V_760.mp4,Violence
1736,dataset/train/Violence/V_761.mp4,Violence
1737,dataset/train/Violence/V_762.mp4,Violence
1738,dataset/train/Violence/V_763.mp4,Violence
1739,dataset/train/Violence/V_764.mp4,Violence
1740,dataset/train/Violence/V_765.mp4,Violence
1741,dataset/train/Violence/V_766.mp4,Violence
1742,dataset/train/Violence/V_767.mp4,Violence
1743,dataset/train/Violence/V_768.mp4,Violence
1744,dataset/train/Violence/V_769.mp4,Violence
1745,dataset/train/Violence/V_77.mp4,Violence
1746,dataset/train/Violence/V_770.mp4,Violence
1747,dataset/train/Violence/V_771.mp4,Violence
1748,dataset/train/Violence/V_772.mp4,Violence
1749,dataset/train/Violence/V_773.mp4,Violence
1750,dataset/train/Violence/V_774.mp4,Violence
1751,dataset/train/Violence/V_775.mp4,Violence
1752,dataset/train/Violence/V_776.mp4,Violence
1753,dataset/train/Violence/V_777.mp4,Violence
1754,dataset/train/Violence/V_778.mp4,Violence
1755,dataset/train/Violence/V_779.mp4,Violence
1756,dataset/train/Violence/V_78.mp4,Violence
1757,dataset/train/Violence/V_780.mp4,Violence
1758,dataset/train/Violence/V_781.mp4,Violence
1759,dataset/train/Violence/V_782.mp4,Violence
1760,dataset/train/Violence/V_783.mp4,Violence
1761,dataset/train/Violence/V_784.mp4,Violence
1762,dataset/train/Violence/V_785.mp4,Violence
1763,dataset/train/Violence/V_786.mp4,Violence
1764,dataset/train/Violence/V_787.mp4,Violence
1765,dataset/train/Violence/V_788.mp4,Violence
1766,dataset/train/Violence/V_789.mp4,Violence
1767,dataset/train/Violence/V_79.mp4,Violence
1768,dataset/train/Violence/V_790.mp4,Violence
1769,dataset/train/Violence/V_791.mp4,Violence
1770,dataset/train/Violence/V_792.mp4,Violence
1771,dataset/train/Violence/V_793.mp4,Violence
1772,dataset/train/Violence/V_794.mp4,Violence
1773,dataset/train/Violence/V_795.mp4,Violence
1774,dataset/train/Violence/V_796.mp4,Violence
1775,dataset/train/Violence/V_797.mp4,Violence
1776,dataset/train/Violence/V_798.mp4,Violence
1777,dataset/train/Violence/V_799.mp4,Violence
1778,dataset/train/Violence/V_8.mp4,Violence
1779,dataset/train/Violence/V_80.mp4,Violence
1780,dataset/train/Violence/V_800.mp4,Violence
1781,dataset/train/Violence/V_801.mp4,Violence
1782,dataset/train/Violence/V_802.mp4,Violence
1783,dataset/train/Violence/V_803.mp4,Violence
1784,dataset/train/Violence/V_804.mp4,Violence
1785,dataset/train/Violence/V_805.mp4,Violence
1786,dataset/train/Violence/V_806.mp4,Violence
1787,dataset/train/Violence/V_807.mp4,Violence
1788,dataset/train/Violence/V_808.mp4,Violence
1789,dataset/train/Violence/V_809.mp4,Violence
1790,dataset/train/Violence/V_81.mp4,Violence
1791,dataset/train/Violence/V_810.mp4,Violence
1792,dataset/train/Violence/V_811.mp4,Violence
1793,dataset/train/Violence/V_812.mp4,Violence
1794,dataset/train/Violence/V_813.mp4,Violence
1795,dataset/train/Violence/V_814.mp4,Violence
1796,dataset/train/Violence/V_815.mp4,Violence
1797,dataset/train/Violence/V_816.mp4,Violence
1798,dataset/train/Violence/V_817.mp4,Violence
1799,dataset/train/Violence/V_818.mp4,Violence
1800,dataset/train/Violence/V_819.mp4,Violence
1801,dataset/train/Violence/V_82.mp4,Violence
1802,dataset/train/Violence/V_820.mp4,Violence
1803,dataset/train/Violence/V_821.mp4,Violence
1804,dataset/train/Violence/V_822.mp4,Violence
1805,dataset/train/Violence/V_823.mp4,Violence
1806,dataset/train/Violence/V_824.mp4,Violence
1807,dataset/train/Violence/V_825.mp4,Violence
1808,dataset/train/Violence/V_826.mp4,Violence
1809,dataset/train/Violence/V_827.mp4,Violence
1810,dataset/train/Violence/V_828.mp4,Violence
1811,dataset/train/Violence/V_829.mp4,Violence
1812,dataset/train/Violence/V_83.mp4,Violence
1813,dataset/train/Violence/V_830.mp4,Violence
1814,dataset/train/Violence/V_831.mp4,Violence
1815,dataset/train/Violence/V_832.mp4,Violence
1816,dataset/train/Violence/V_833.mp4,Violence
1817,dataset/train/Violence/V_834.mp4,Violence
1818,dataset/train/Violence/V_835.mp4,Violence
1819,dataset/train/Violence/V_836.mp4,Violence
1820,dataset/train/Violence/V_837.mp4,Violence
1821,dataset/train/Violence/V_838.mp4,Violence
1822,dataset/train/Violence/V_839.mp4,Violence
1823,dataset/train/Violence/V_84.mp4,Violence
1824,dataset/train/Violence/V_840.mp4,Violence
1825,dataset/train/Violence/V_841.mp4,Violence
1826,dataset/train/Violence/V_842.mp4,Violence
1827,dataset/train/Violence/V_843.mp4,Violence
1828,dataset/train/Violence/V_844.mp4,Violence
1829,dataset/train/Violence/V_845.mp4,Violence
1830,dataset/train/Violence/V_846.mp4,Violence
1831,dataset/train/Violence/V_847.mp4,Violence
1832,dataset/train/Violence/V_848.mp4,Violence
1833,dataset/train/Violence/V_849.mp4,Violence
1834,dataset/train/Violence/V_85.mp4,Violence
1835,dataset/train/Violence/V_850.mp4,Violence
1836,dataset/train/Violence/V_851.mp4,Violence
1837,dataset/train/Violence/V_852.mp4,Violence
1838,dataset/train/Violence/V_853.mp4,Violence
1839,dataset/train/Violence/V_854.mp4,Violence
1840,dataset/train/Violence/V_855.mp4,Violence
1841,dataset/train/Violence/V_856.mp4,Violence
1842,dataset/train/Violence/V_857.mp4,Violence
1843,dataset/train/Violence/V_858.mp4,Violence
1844,dataset/train/Violence/V_859.mp4,Violence
1845,dataset/train/Violence/V_86.mp4,Violence
1846,dataset/train/Violence/V_860.mp4,Violence
1847,dataset/train/Violence/V_861.mp4,Violence
1848,dataset/train/Violence/V_862.mp4,Violence
1849,dataset/train/Violence/V_863.mp4,Violence
1850,dataset/train/Violence/V_864.mp4,Violence
1851,dataset/train/Violence/V_865.mp4,Violence
1852,dataset/train/Violence/V_866.mp4,Violence
1853,dataset/train/Violence/V_867.mp4,Violence
1854,dataset/train/Violence/V_868.mp4,Violence
1855,dataset/train/Violence/V_869.mp4,Violence
1856,dataset/train/Violence/V_87.mp4,Violence
1857,dataset/train/Violence/V_870.mp4,Violence
1858,dataset/train/Violence/V_871.mp4,Violence
1859,dataset/train/Violence/V_872.mp4,Violence
1860,dataset/train/Violence/V_873.mp4,Violence
1861,dataset/train/Violence/V_874.mp4,Violence
1862,dataset/train/Violence/V_875.mp4,Violence
1863,dataset/train/Violence/V_876.mp4,Violence
1864,dataset/train/Violence/V_877.mp4,Violence
1865,dataset/train/Violence/V_878.mp4,Violence
1866,dataset/train/Violence/V_879.mp4,Violence
1867,dataset/train/Violence/V_88.mp4,Violence
1868,dataset/train/Violence/V_880.mp4,Violence
1869,dataset/train/Violence/V_881.mp4,Violence
1870,dataset/train/Violence/V_882.mp4,Violence
1871,dataset/train/Violence/V_883.mp4,Violence
1872,dataset/train/Violence/V_884.mp4,Violence
1873,dataset/train/Violence/V_885.mp4,Violence
1874,dataset/train/Violence/V_886.mp4,Violence
1875,dataset/train/Violence/V_887.mp4,Violence
1876,dataset/train/Violence/V_888.mp4,Violence
1877,dataset/train/Violence/V_889.mp4,Violence
1878,dataset/train/Violence/V_89.mp4,Violence
1879,dataset/train/Violence/V_890.mp4,Violence
1880,dataset/train/Violence/V_891.mp4,Violence
1881,dataset/train/Violence/V_892.mp4,Violence
1882,dataset/train/Violence/V_893.mp4,Violence
1883,dataset/train/Violence/V_894.mp4,Violence
1884,dataset/train/Violence/V_895.mp4,Violence
1885,dataset/train/Violence/V_896.mp4,Violence
1886,dataset/train/Violence/V_897.mp4,Violence
1887,dataset/train/Violence/V_898.mp4,Violence
1888,dataset/train/Violence/V_899.mp4,Violence
1889,dataset/train/Violence/V_9.mp4,Violence
1890,dataset/train/Violence/V_90.mp4,Violence
1891,dataset/train/Violence/V_900.mp4,Violence
1892,dataset/train/Violence/V_901.mp4,Violence
1893,dataset/train/Violence/V_902.mp4,Violence
1894,dataset/train/Violence/V_903.mp4,Violence
1895,dataset/train/Violence/V_904.mp4,Violence
1896,dataset/train/Violence/V_905.mp4,Violence
1897,dataset/train/Violence/V_906.mp4,Violence
1898,dataset/train/Violence/V_907.mp4,Violence
1899,dataset/train/Violence/V_908.mp4,Violence
1900,dataset/train/Violence/V_909.mp4,Violence
1901,dataset/train/Violence/V_91.mp4,Violence
1902,dataset/train/Violence/V_910.mp4,Violence
1903,dataset/train/Violence/V_911.mp4,Violence
1904,dataset/train/Violence/V_912.mp4,Violence
1905,dataset/train/Violence/V_913.mp4,Violence
1906,dataset/train/Violence/V_914.mp4,Violence
1907,dataset/train/Violence/V_915.mp4,Violence
1908,dataset/train/Violence/V_916.mp4,Violence
1909,dataset/train/Violence/V_917.mp4,Violence
1910,dataset/train/Violence/V_918.mp4,Violence
1911,dataset/train/Violence/V_919.mp4,Violence
1912,dataset/train/Violence/V_92.mp4,Violence
1913,dataset/train/Violence/V_920.mp4,Violence
1914,dataset/train/Violence/V_921.mp4,Violence
1915,dataset/train/Violence/V_922.mp4,Violence
1916,dataset/train/Violence/V_923.mp4,Violence
1917,dataset/train/Violence/V_924.mp4,Violence
1918,dataset/train/Violence/V_925.mp4,Violence
1919,dataset/train/Violence/V_926.mp4,Violence
1920,dataset/train/Violence/V_927.mp4,Violence
1921,dataset/train/Violence/V_928.mp4,Violence
1922,dataset/train/Violence/V_929.mp4,Violence
1923,dataset/train/Violence/V_93.mp4,Violence
1924,dataset/train/Violence/V_930.mp4,Violence
1925,dataset/train/Violence/V_931.mp4,Violence
1926,dataset/train/Violence/V_932.mp4,Violence
1927,dataset/train/Violence/V_933.mp4,Violence
1928,dataset/train/Violence/V_934.mp4,Violence
1929,dataset/train/Violence/V_935.mp4,Violence
1930,dataset/train/Violence/V_936.mp4,Violence
1931,dataset/train/Violence/V_937.mp4,Violence
1932,dataset/train/Violence/V_938.mp4,Violence
1933,dataset/train/Violence/V_939.mp4,Violence
1934,dataset/train/Violence/V_94.mp4,Violence
1935,dataset/train/Violence/V_940.mp4,Violence
1936,dataset/train/Violence/V_941.mp4,Violence
1937,dataset/train/Violence/V_942.mp4,Violence
1938,dataset/train/Violence/V_943.mp4,Violence
1939,dataset/train/Violence/V_944.mp4,Violence
1940,dataset/train/Violence/V_945.mp4,Violence
1941,dataset/train/Violence/V_946.mp4,Violence
1942,dataset/train/Violence/V_947.mp4,Violence
1943,dataset/train/Violence/V_948.mp4,Violence
1944,dataset/train/Violence/V_949.mp4,Violence
1945,dataset/train/Violence/V_95.mp4,Violence
1946,dataset/train/Violence/V_950.mp4,Violence
1947,dataset/train/Violence/V_951.mp4,Violence
1948,dataset/train/Violence/V_952.mp4,Violence
1949,dataset/train/Violence/V_953.mp4,Violence
1950,dataset/train/Violence/V_954.mp4,Violence
1951,dataset/train/Violence/V_955.mp4,Violence
1952,dataset/train/Violence/V_956.mp4,Violence
1953,dataset/train/Violence/V_957.mp4,Violence
1954,dataset/train/Violence/V_958.mp4,Violence
1955,dataset/train/Violence/V_959.mp4,Violence
1956,dataset/train/Violence/V_96.mp4,Violence
1957,dataset/train/Violence/V_960.mp4,Violence
1958,dataset/train/Violence/V_961.mp4,Violence
1959,dataset/train/Violence/V_962.mp4,Violence
1960,dataset/train/Violence/V_963.mp4,Violence
1961,dataset/train/Violence/V_964.mp4,Violence
1962,dataset/train/Violence/V_965.mp4,Violence
1963,dataset/train/Violence/V_966.mp4,Violence
1964,dataset/train/Violence/V_967.mp4,Violence
1965,dataset/train/Violence/V_968.mp4,Violence
1966,dataset/train/Violence/V_969.mp4,Violence
1967,dataset/train/Violence/V_97.mp4,Violence
1968,dataset/train/Violence/V_970.mp4,Violence
1969,dataset/train/Violence/V_971.mp4,Violence
1970,dataset/train/Violence/V_972.mp4,Violence
1971,dataset/train/Violence/V_973.mp4,Violence
1972,dataset/train/Violence/V_974.mp4,Violence
1973,dataset/train/Violence/V_975.mp4,Violence
1974,dataset/train/Violence/V_976.mp4,Violence
1975,dataset/train/Violence/V_977.mp4,Violence
1976,dataset/train/Violence/V_978.mp4,Violence
1977,dataset/train/Violence/V_979.mp4,Violence
1978,dataset/train/Violence/V_98.mp4,Violence
1979,dataset/train/Violence/V_980.mp4,Violence
1980,dataset/train/Violence/V_981.mp4,Violence
1981,dataset/train/Violence/V_982.mp4,Violence
1982,dataset/train/Violence/V_983.mp4,Violence
1983,dataset/train/Violence/V_984.mp4,Violence
1984,dataset/train/Violence/V_985.mp4,Violence
1985,dataset/train/Violence/V_986.mp4,Violence
1986,dataset/train/Violence/V_987.mp4,Violence
1987,dataset/train/Violence/V_988.mp4,Violence
1988,dataset/train/Violence/V_989.mp4,Violence
1989,dataset/train/Violence/V_99.mp4,Violence
1990,dataset/train/Violence/V_990.mp4,Violence
1991,dataset/train/Violence/V_991.mp4,Violence
1992,dataset/train/Violence/V_992.mp4,Violence
1993,dataset/train/Violence/V_993.mp4,Violence
1994,dataset/train/Violence/V_994.mp4,Violence
1995,dataset/train/Violence/V_995.mp4,Violence
1996,dataset/train/Violence/V_996.mp4,Violence
1997,dataset/train/Violence/V_997.mp4,Violence
1998,dataset/train/Violence/V_998.mp4,Violence
1999,dataset/train/Violence/V_999.mp4,Violence
